계약년월,계약일,시군구,본번,부번,단지명,전월세구분,전용면적(㎡),보증금(만원),월세(만원),층,건축년도
201701,1,세종특별자치시 어진동,0,0,2차푸르지오시티,전세,21.92,7500,0,9,2014
201701,2,세종특별자치시 어진동,0,0,푸르지오시티,월세,23.74,300,30,13,2014
201701,3,세종특별자치시 어진동,0,0,호수의아침,전세,23.57,6000,0,11,2014
201701,5,세종특별자치시 어진동,0,0,호수의아침,전세,23.57,7000,0,10,2014
201701,6,세종특별자치시 어진동,0,0,2차푸르지오시티,전세,21.92,7000,0,15,2014
201701,7,세종특별자치시 도담동,246,5,세종한신휴시티,월세,27.43,500,37,7,2014
201701,7,세종특별자치시 어진동,0,0,2차푸르지오시티,월세,23.24,2000,27,13,2014
201701,7,세종특별자치시 어진동,0,0,푸르지오시티,전세,23.74,7500,0,13,2014
201701,8,세종특별자치시 어진동,0,0,푸르지오시티,전세,24.22,8000,0,7,2014
201701,9,세종특별자치시 어진동,0,0,푸르지오시티,전세,23.74,7200,0,4,2014
201701,9,세종특별자치시 어진동,0,0,호수의아침,월세,28.65,500,40,15,2014
201701,10,세종특별자치시 도담동,246,5,세종한신휴시티,월세,24.03,300,35,5,2014
201701,11,세종특별자치시 어진동,0,0,2차푸르지오시티,전세,37.9,12000,0,17,2014
201701,13,세종특별자치시 어진동,0,0,2차푸르지오시티,월세,23.24,3000,23,16,2014
201701,14,세종특별자치시 도담동,246,5,세종한신휴시티,전세,24.03,8000,0,8,2014
201701,14,세종특별자치시 어진동,0,0,2차푸르지오시티,전세,30.48,10000,0,17,2014
201701,14,세종특별자치시 어진동,0,0,푸르지오시티,월세,23.74,300,32,15,2014
201701,16,세종특별자치시 어진동,0,0,2차푸르지오시티,전세,21.92,7500,0,8,2014
201701,18,세종특별자치시 어진동,0,0,푸르지오시티,전세,22.42,8000,0,12,2014
201701,19,세종특별자치시 어진동,0,0,푸르지오시티,월세,24.12,300,30,12,2014
201701,20,세종특별자치시 어진동,0,0,푸르지오시티,전세,24.5,8000,0,7,2014
201701,22,세종특별자치시 어진동,0,0,푸르지오시티,전세,23.74,8000,0,10,2014
201701,23,세종특별자치시 어진동,0,0,2차푸르지오시티,월세,30.48,1000,40,8,2014
201701,24,세종특별자치시 도담동,246,5,세종한신휴시티,전세,24.03,7700,0,4,2014
201701,25,세종특별자치시 어진동,0,0,2차푸르지오시티,전세,21.92,7500,0,16,2014
201701,25,세종특별자치시 어진동,0,0,푸르지오시티,월세,23.74,300,30,10,2014
201701,25,세종특별자치시 어진동,0,0,호수의아침,월세,24.01,300,30,12,2014
201701,26,세종특별자치시 어진동,0,0,호수의아침,월세,28.65,500,43,10,2014
201702,1,세종특별자치시 어진동,0,0,2차푸르지오시티,전세,23.24,9500,0,11,2014
201702,1,세종특별자치시 어진동,0,0,푸르지오시티,전세,24.5,7300,0,10,2014
201702,1,세종특별자치시 어진동,0,0,호수의아침,월세,28.65,500,40,16,2014
201702,2,세종특별자치시 어진동,0,0,푸르지오시티,월세,23.74,300,30,18,2014
201702,3,세종특별자치시 도담동,246,5,세종한신휴시티,월세,27.43,500,35,5,2014
201702,3,세종특별자치시 어진동,0,0,2차푸르지오시티,월세,23.24,300,35,9,2014
201702,4,세종특별자치시 어진동,0,0,2차푸르지오시티,전세,23.24,7500,0,10,2014
201702,4,세종특별자치시 어진동,0,0,푸르지오시티,월세,24.12,300,30,14,2014
201702,4,세종특별자치시 어진동,0,0,푸르지오시티,월세,22.42,300,30,18,2014
201702,4,세종특별자치시 어진동,0,0,푸르지오시티,월세,23.74,700,26,4,2014
201702,6,세종특별자치시 어진동,0,0,2차푸르지오시티,월세,21.92,300,30,10,2014
201702,6,세종특별자치시 어진동,0,0,푸르지오시티,전세,24.12,7800,0,10,2014
201702,7,세종특별자치시 도담동,246,5,세종한신휴시티,월세,27.43,500,40,5,2014
201702,7,세종특별자치시 어진동,0,0,2차푸르지오시티,전세,21.92,7500,0,7,2014
201702,7,세종특별자치시 어진동,0,0,2차푸르지오시티,월세,23.24,500,35,16,2014
201702,7,세종특별자치시 어진동,0,0,푸르지오시티,전세,22.42,7500,0,4,2014
201702,8,세종특별자치시 도담동,246,5,세종한신휴시티,월세,27.43,500,37,3,2014
201702,8,세종특별자치시 어진동,0,0,호수의아침,전세,23.57,7000,0,12,2014
201702,9,세종특별자치시 도담동,246,5,세종한신휴시티,월세,27.43,500,38,8,2014
201702,10,세종특별자치시 도담동,246,5,세종한신휴시티,전세,24.03,7500,0,8,2014
201702,10,세종특별자치시 도담동,246,5,세종한신휴시티,전세,24.03,9000,0,8,2014
201702,10,세종특별자치시 어진동,0,0,2차푸르지오시티,전세,21.92,7500,0,5,2014
201702,10,세종특별자치시 어진동,0,0,푸르지오시티,전세,24.12,7500,0,6,2014
201702,11,세종특별자치시 도담동,246,5,세종한신휴시티,월세,24.03,300,35,6,2014
201702,11,세종특별자치시 어진동,0,0,2차푸르지오시티,월세,37.9,3000,40,17,2014
201702,11,세종특별자치시 어진동,0,0,푸르지오시티,월세,23.74,500,28,19,2014
201702,13,세종특별자치시 어진동,0,0,푸르지오시티,월세,23.74,300,32,9,2014
201702,13,세종특별자치시 어진동,0,0,푸르지오시티,전세,22.42,8000,0,9,2014
201702,14,세종특별자치시 어진동,0,0,푸르지오시티,월세,23.74,300,30,6,2014
201702,15,세종특별자치시 어진동,0,0,푸르지오시티,월세,22.42,300,30,9,2014
201702,17,세종특별자치시 어진동,0,0,푸르지오시티,전세,23.74,8000,0,6,2014
201702,17,세종특별자치시 어진동,0,0,푸르지오시티,월세,23.74,300,30,9,2014
201702,21,세종특별자치시 어진동,0,0,2차푸르지오시티,월세,23.24,300,35,14,2014
201702,21,세종특별자치시 어진동,0,0,호수의아침,월세,23.57,300,30,15,2014
201702,23,세종특별자치시 어진동,0,0,2차푸르지오시티,월세,21.92,300,28,8,2014
201702,24,세종특별자치시 어진동,0,0,푸르지오시티,월세,24.12,300,32,11,2014
201702,24,세종특별자치시 어진동,0,0,호수의아침,월세,24.01,300,33,15,2014
201702,25,세종특별자치시 도담동,246,5,세종한신휴시티,월세,24.03,300,38,5,2014
201702,25,세종특별자치시 어진동,0,0,2차푸르지오시티,전세,21.92,7500,0,16,2014
201702,26,세종특별자치시 어진동,0,0,푸르지오시티,전세,24.5,7000,0,15,2014
201702,27,세종특별자치시 어진동,0,0,푸르지오시티,월세,30.24,500,40,16,2014
201702,27,세종특별자치시 어진동,0,0,호수의아침,전세,23.57,8000,0,17,2014
201703,1,세종특별자치시 어진동,0,0,2차푸르지오시티,전세,23.24,7000,0,14,2014
201703,4,세종특별자치시 도담동,246,5,세종한신휴시티,월세,24.03,500,35,8,2014
201703,7,세종특별자치시 어진동,0,0,호수의아침,월세,24.01,300,33,11,2014
201703,8,세종특별자치시 어진동,0,0,푸르지오시티,월세,24.22,300,35,19,2014
201703,11,세종특별자치시 어진동,0,0,푸르지오시티,전세,22.42,7500,0,10,2014
201703,11,세종특별자치시 어진동,0,0,호수의아침,월세,23.57,300,30,11,2014
201703,13,세종특별자치시 어진동,0,0,2차푸르지오시티,월세,30.48,500,40,12,2014
201703,13,세종특별자치시 어진동,0,0,푸르지오시티,전세,22.42,7700,0,6,2014
201703,13,세종특별자치시 어진동,0,0,푸르지오시티,전세,22.42,7500,0,4,2014
201703,14,세종특별자치시 어진동,0,0,2차푸르지오시티,전세,21.92,7000,0,14,2014
201703,14,세종특별자치시 어진동,0,0,호수의아침,월세,28.65,500,40,12,2014
201703,15,세종특별자치시 어진동,0,0,푸르지오시티,월세,22.42,300,33,8,2014
201703,15,세종특별자치시 어진동,0,0,호수의아침,전세,23.57,8000,0,16,2014
201703,17,세종특별자치시 어진동,0,0,푸르지오시티,월세,30.24,500,43,17,2014
201703,18,세종특별자치시 나성동,0,0,더리치세종의아침,전세,33.14,11000,0,6,2015
201703,18,세종특별자치시 어진동,0,0,푸르지오시티,월세,22.42,300,30,11,2014
201703,18,세종특별자치시 어진동,0,0,푸르지오시티,월세,22.42,1000,30,14,2014
201703,22,세종특별자치시 어진동,0,0,푸르지오시티,전세,22.42,7500,0,4,2014
201703,26,세종특별자치시 어진동,0,0,푸르지오시티,월세,24.5,300,33,5,2014
201703,29,세종특별자치시 조치원읍 명리,23,3,주건축물제1동(23-3),전세,56.99,7000,0,7,2013
201703,30,세종특별자치시 어진동,0,0,호수의아침,전세,28.65,9500,0,10,2014
201704,1,세종특별자치시 어진동,0,0,2차푸르지오시티,월세,28.72,1000,35,17,2014
201704,1,세종특별자치시 어진동,0,0,푸르지오시티,전세,23.74,8500,0,15,2014
201704,2,세종특별자치시 어진동,0,0,호수의아침,월세,23.57,300,30,12,2014
201704,4,세종특별자치시 어진동,0,0,푸르지오시티,전세,23.74,8000,0,5,2014
201704,12,세종특별자치시 어진동,0,0,푸르지오시티,전세,23.74,8200,0,18,2014
201704,17,세종특별자치시 어진동,0,0,푸르지오시티,월세,23.74,1500,30,14,2014
201704,19,세종특별자치시 어진동,0,0,2차푸르지오시티,월세,30.48,500,40,7,2014
201704,19,세종특별자치시 어진동,0,0,푸르지오시티,월세,24.5,300,32,4,2014
201704,22,세종특별자치시 어진동,0,0,푸르지오시티,전세,22.42,8000,0,5,2014
201704,23,세종특별자치시 어진동,0,0,푸르지오시티,전세,23.74,8000,0,8,2014
201704,23,세종특별자치시 어진동,0,0,호수의아침,전세,23.57,8000,0,13,2014
201704,24,세종특별자치시 어진동,0,0,2차푸르지오시티,월세,37.9,500,50,17,2014
201704,28,세종특별자치시 도담동,246,5,세종한신휴시티,전세,24.03,10000,0,8,2014
201705,2,세종특별자치시 어진동,0,0,호수의아침,전세,24.01,7500,0,12,2014
201705,5,세종특별자치시 나성동,0,0,더리치세종의아침,월세,35.41,2000,35,8,2015
201705,8,세종특별자치시 어진동,0,0,2차푸르지오시티,월세,23.24,300,33,13,2014
201705,8,세종특별자치시 어진동,0,0,푸르지오시티,월세,23.74,300,33,10,2014
201705,9,세종특별자치시 어진동,0,0,푸르지오시티,전세,23.74,8000,0,16,2014
201705,9,세종특별자치시 어진동,0,0,푸르지오시티,월세,22.42,300,33,7,2014
201705,12,세종특별자치시 어진동,0,0,푸르지오시티,월세,22.42,300,33,9,2014
201705,13,세종특별자치시 어진동,0,0,2차푸르지오시티,월세,21.92,300,35,7,2014
201705,20,세종특별자치시 어진동,0,0,2차푸르지오시티,월세,30.48,500,40,11,2014
201705,23,세종특별자치시 도담동,246,5,세종한신휴시티,월세,24.03,500,35,6,2014
201705,23,세종특별자치시 어진동,0,0,호수의아침,월세,24.01,3000,20,14,2014
201705,25,세종특별자치시 어진동,0,0,푸르지오시티,전세,23.74,7000,0,10,2014
201705,25,세종특별자치시 어진동,0,0,호수의아침,월세,25.86,300,38,13,2014
201705,27,세종특별자치시 어진동,0,0,2차푸르지오시티,월세,23.24,300,30,6,2014
201705,27,세종특별자치시 어진동,0,0,호수의아침,월세,24.01,300,30,13,2014
201705,29,세종특별자치시 도담동,246,5,세종한신휴시티,월세,24.03,300,35,7,2014
201705,29,세종특별자치시 어진동,0,0,2차푸르지오시티,월세,23.24,300,32,12,2014
201705,31,세종특별자치시 도담동,246,5,세종한신휴시티,월세,24.03,400,35,8,2014
201706,1,세종특별자치시 어진동,0,0,푸르지오시티,전세,23.74,8000,0,14,2014
201706,1,세종특별자치시 어진동,0,0,푸르지오시티,월세,24.22,300,33,6,2014
201706,1,세종특별자치시 어진동,0,0,푸르지오시티,월세,24.32,500,31,7,2014
201706,2,세종특별자치시 어진동,0,0,푸르지오시티,전세,23.74,7500,0,4,2014
201706,3,세종특별자치시 어진동,0,0,푸르지오시티,전세,22.42,7500,0,11,2014
201706,4,세종특별자치시 어진동,0,0,푸르지오시티,전세,22.42,9000,0,14,2014
201706,4,세종특별자치시 어진동,0,0,푸르지오시티,월세,23.74,3000,20,16,2014
201706,4,세종특별자치시 어진동,0,0,푸르지오시티,월세,22.42,300,30,13,2014
201706,8,세종특별자치시 어진동,0,0,호수의아침,월세,24.01,300,30,10,2014
201706,10,세종특별자치시 어진동,0,0,2차푸르지오시티,전세,21.92,7000,0,6,2014
201706,10,세종특별자치시 어진동,0,0,푸르지오시티,월세,23.74,3000,20,9,2014
201706,11,세종특별자치시 도담동,246,5,세종한신휴시티,월세,24.03,4000,10,7,2014
201706,13,세종특별자치시 어진동,0,0,2차푸르지오시티,월세,23.24,300,33,11,2014
201706,15,세종특별자치시 어진동,0,0,2차푸르지오시티,전세,37.9,12000,0,17,2014
201706,15,세종특별자치시 어진동,0,0,푸르지오시티,월세,24.5,300,30,15,2014
201706,19,세종특별자치시 어진동,0,0,2차푸르지오시티,월세,23.24,300,30,5,2014
201706,21,세종특별자치시 어진동,0,0,2차푸르지오시티,전세,23.24,6500,0,13,2014
201706,21,세종특별자치시 어진동,0,0,푸르지오시티,전세,22.42,7800,0,18,2014
201706,22,세종특별자치시 어진동,0,0,2차푸르지오시티,월세,23.24,2000,20,15,2014
201706,24,세종특별자치시 어진동,0,0,푸르지오시티,월세,24.32,300,30,10,2014
201706,26,세종특별자치시 도담동,246,5,세종한신휴시티,월세,24.03,300,35,7,2014
201706,27,세종특별자치시 어진동,0,0,호수의아침,월세,23.57,300,30,12,2014
201706,28,세종특별자치시 어진동,0,0,2차푸르지오시티,월세,23.24,500,30,11,2014
201706,29,세종특별자치시 어진동,0,0,2차푸르지오시티,월세,23.24,3000,23,16,2014
201706,29,세종특별자치시 어진동,0,0,푸르지오시티,월세,24.32,300,30,17,2014
201707,1,세종특별자치시 어진동,0,0,2차푸르지오시티,월세,36.58,300,57,17,2014
201707,1,세종특별자치시 어진동,0,0,2차푸르지오시티,월세,23.24,5000,15,9,2014
201707,1,세종특별자치시 어진동,0,0,푸르지오시티,전세,24.32,7000,0,12,2014
201707,3,세종특별자치시 어진동,0,0,푸르지오시티,월세,22.42,300,32,12,2014
201707,4,세종특별자치시 어진동,0,0,푸르지오시티,전세,23.74,7000,0,16,2014
201707,10,세종특별자치시 어진동,0,0,푸르지오시티,전세,44.84,8000,0,18,2014
201707,13,세종특별자치시 어진동,0,0,푸르지오시티,월세,23.74,300,33,15,2014
201707,15,세종특별자치시 어진동,0,0,푸르지오시티,월세,22.42,300,33,7,2014
201707,15,세종특별자치시 어진동,0,0,호수의아침,월세,28.65,1000,35,17,2014
201707,16,세종특별자치시 어진동,0,0,2차푸르지오시티,전세,30.48,9000,0,7,2014
201707,16,세종특별자치시 어진동,0,0,2차푸르지오시티,전세,30.48,9500,0,12,2014
201707,17,세종특별자치시 어진동,0,0,푸르지오시티,월세,24.22,300,32,9,2014
201707,19,세종특별자치시 어진동,0,0,2차푸르지오시티,전세,21.92,7500,0,6,2014
201707,20,세종특별자치시 어진동,0,0,호수의아침,월세,24.01,500,30,15,2014
201707,25,세종특별자치시 어진동,0,0,호수의아침,월세,28.65,500,40,17,2014
201707,26,세종특별자치시 도담동,246,5,세종한신휴시티,전세,31.17,8500,0,4,2014
201707,26,세종특별자치시 어진동,0,0,푸르지오시티,월세,22.42,300,32,11,2014
201707,27,세종특별자치시 어진동,0,0,푸르지오시티,월세,22.42,300,32,10,2014
201707,27,세종특별자치시 어진동,0,0,푸르지오시티,전세,24.12,8000,0,11,2014
201707,30,세종특별자치시 어진동,0,0,2차푸르지오시티,전세,21.92,7500,0,8,2014
201707,30,세종특별자치시 어진동,0,0,2차푸르지오시티,전세,30.48,10000,0,17,2014
201707,31,세종특별자치시 나성동,713,0,세진이너스빌,전세,34.15,9000,0,4,2013
201708,1,세종특별자치시 어진동,0,0,푸르지오시티,월세,44.84,300,31,20,2014
201708,4,세종특별자치시 조치원읍 침산리,258,6,1동(258-6),월세,36.5,300,37,4,2008
201708,5,세종특별자치시 어진동,0,0,푸르지오시티,전세,39.13,11000,0,19,2014
201708,5,세종특별자치시 어진동,0,0,푸르지오시티,전세,24.32,7500,0,6,2014
201708,5,세종특별자치시 어진동,0,0,호수의아침,월세,28.65,300,37,12,2014
201708,6,세종특별자치시 어진동,0,0,푸르지오시티,월세,23.74,300,30,7,2014
201708,8,세종특별자치시 어진동,0,0,2차푸르지오시티,전세,21.92,7500,0,5,2014
201708,10,세종특별자치시 어진동,0,0,2차푸르지오시티,전세,21.92,6500,0,8,2014
201708,13,세종특별자치시 어진동,0,0,푸르지오시티,월세,24.5,300,30,17,2014
201708,15,세종특별자치시 어진동,0,0,푸르지오시티,월세,23.74,5000,15,11,2014
201708,16,세종특별자치시 어진동,0,0,푸르지오시티,월세,24.22,300,33,17,2014
201708,19,세종특별자치시 어진동,0,0,2차푸르지오시티,월세,21.92,2000,20,7,2014
201708,21,세종특별자치시 어진동,0,0,2차푸르지오시티,월세,23.24,300,30,10,2014
201708,23,세종특별자치시 도담동,246,5,세종한신휴시티,월세,24.03,300,35,8,2014
201708,26,세종특별자치시 어진동,0,0,2차푸르지오시티,월세,23.24,300,35,13,2014
201708,27,세종특별자치시 어진동,0,0,2차푸르지오시티,월세,21.92,300,30,10,2014
201708,29,세종특별자치시 어진동,0,0,푸르지오시티,월세,23.74,300,32,14,2014
201708,30,세종특별자치시 어진동,0,0,2차푸르지오시티,월세,23.24,300,33,16,2014
201708,30,세종특별자치시 어진동,0,0,푸르지오시티,전세,22.42,8000,0,12,2014
201709,2,세종특별자치시 어진동,0,0,2차푸르지오시티,월세,21.92,300,30,12,2014
201709,5,세종특별자치시 어진동,0,0,2차푸르지오시티,전세,21.92,6500,0,8,2014
201709,6,세종특별자치시 어진동,0,0,2차푸르지오시티,월세,21.92,2000,20,11,2014
201709,7,세종특별자치시 어진동,0,0,2차푸르지오시티,전세,21.92,7000,0,7,2014
201709,8,세종특별자치시 어진동,0,0,푸르지오시티,월세,24.12,300,30,18,2014
201709,8,세종특별자치시 어진동,0,0,푸르지오시티,전세,22.42,8000,0,13,2014
201709,9,세종특별자치시 어진동,0,0,푸르지오시티,전세,24.22,8000,0,11,2014
201709,9,세종특별자치시 어진동,0,0,푸르지오시티,전세,30.24,11000,0,16,2014
201709,13,세종특별자치시 어진동,0,0,2차푸르지오시티,전세,21.92,7500,0,11,2014
201709,16,세종특별자치시 어진동,0,0,2차푸르지오시티,월세,21.92,300,30,8,2014
201709,16,세종특별자치시 어진동,0,0,푸르지오시티,전세,23.74,7800,0,17,2014
201709,18,세종특별자치시 어진동,0,0,2차푸르지오시티,월세,21.92,300,30,8,2014
201709,21,세종특별자치시 어진동,0,0,2차푸르지오시티,월세,23.24,3000,15,7,2014
201709,22,세종특별자치시 어진동,0,0,2차푸르지오시티,전세,23.24,7500,0,5,2014
201709,22,세종특별자치시 어진동,0,0,푸르지오시티,월세,30.24,500,40,19,2014
201709,23,세종특별자치시 어진동,0,0,푸르지오시티,월세,23.74,300,32,8,2014
201709,24,세종특별자치시 어진동,0,0,2차푸르지오시티,전세,23.24,8000,0,13,2014
201709,27,세종특별자치시 어진동,0,0,2차푸르지오시티,전세,21.92,7000,0,11,2014
201709,27,세종특별자치시 어진동,0,0,푸르지오시티,전세,23.74,7000,0,9,2014
201709,28,세종특별자치시 어진동,0,0,푸르지오시티,전세,24.32,8000,0,13,2014
201709,28,세종특별자치시 어진동,0,0,호수의아침,월세,24.01,2000,20,10,2014
201709,29,세종특별자치시 어진동,0,0,푸르지오시티,월세,22.42,1000,30,14,2014
201710,3,세종특별자치시 어진동,0,0,2차푸르지오시티,월세,23.24,300,30,5,2014
201710,11,세종특별자치시 어진동,0,0,2차푸르지오시티,월세,21.92,300,30,5,2014
201710,12,세종특별자치시 도담동,246,5,세종한신휴시티,월세,24.03,600,30,8,2014
201710,13,세종특별자치시 어진동,0,0,푸르지오시티,월세,43.71,2500,30,20,2014
201710,14,세종특별자치시 어진동,0,0,2차푸르지오시티,월세,30.48,2000,30,9,2014
201710,14,세종특별자치시 어진동,0,0,푸르지오시티,월세,23.74,300,33,19,2014
201710,15,세종특별자치시 어진동,0,0,2차푸르지오시티,월세,21.92,3000,20,13,2014
201710,16,세종특별자치시 어진동,0,0,푸르지오시티,월세,39.11,1000,55,18,2014
201710,18,세종특별자치시 어진동,0,0,2차푸르지오시티,월세,23.24,300,35,8,2014
201710,18,세종특별자치시 어진동,0,0,푸르지오시티,전세,24.22,7500,0,18,2014
201710,18,세종특별자치시 어진동,0,0,푸르지오시티,전세,22.42,7500,0,8,2014
201710,20,세종특별자치시 어진동,0,0,2차푸르지오시티,월세,21.92,100,40,8,2014
201710,20,세종특별자치시 어진동,0,0,푸르지오시티,월세,23.74,300,30,4,2014
201710,21,세종특별자치시 어진동,0,0,2차푸르지오시티,월세,23.24,500,30,13,2014
201710,28,세종특별자치시 어진동,0,0,2차푸르지오시티,월세,21.92,300,27,8,2014
201710,28,세종특별자치시 어진동,0,0,푸르지오시티,전세,23.74,7500,0,12,2014
201710,28,세종특별자치시 어진동,0,0,푸르지오시티,월세,23.74,300,30,7,2014
201710,30,세종특별자치시 어진동,0,0,푸르지오시티,전세,22.42,7500,0,17,2014
201710,31,세종특별자치시 어진동,0,0,푸르지오시티,전세,22.42,7000,0,4,2014
201710,31,세종특별자치시 어진동,0,0,푸르지오시티,전세,24.22,7900,0,20,2014
201710,31,세종특별자치시 어진동,0,0,푸르지오시티,전세,22.42,7000,0,4,2014
201710,31,세종특별자치시 어진동,0,0,푸르지오시티,전세,24.22,7900,0,20,2014
201711,1,세종특별자치시 어진동,0,0,2차푸르지오시티,월세,21.92,300,30,12,2014
201711,3,세종특별자치시 도담동,246,5,세종한신휴시티,월세,27.43,200,30,3,2014
201711,3,세종특별자치시 어진동,0,0,2차푸르지오시티,전세,21.92,7000,0,7,2014
201711,4,세종특별자치시 어진동,0,0,푸르지오시티,월세,23.74,300,25,14,2014
201711,8,세종특별자치시 어진동,0,0,푸르지오시티,전세,22.42,8000,0,11,2014
201711,10,세종특별자치시 도담동,246,5,세종한신휴시티,월세,24.03,300,35,7,2014
201711,10,세종특별자치시 어진동,0,0,2차푸르지오시티,월세,30.48,500,40,7,2014
201711,13,세종특별자치시 어진동,0,0,2차푸르지오시티,월세,21.92,2000,20,14,2014
201711,18,세종특별자치시 나성동,713,0,세진이너스빌,월세,34.15,500,33,6,2013
201711,18,세종특별자치시 도담동,246,5,세종한신휴시티,월세,24.03,300,35,7,2014
201711,18,세종특별자치시 어진동,0,0,2차푸르지오시티,월세,21.92,2000,20,10,2014
201711,19,세종특별자치시 도담동,246,5,세종한신휴시티,월세,27.43,500,35,8,2014
201711,20,세종특별자치시 어진동,0,0,푸르지오시티,전세,24.32,6825,0,8,2014
201711,25,세종특별자치시 어진동,0,0,2차푸르지오시티,월세,36.58,1000,50,17,2014
201711,27,세종특별자치시 어진동,0,0,2차푸르지오시티,전세,21.92,7000,0,8,2014
201711,30,세종특별자치시 어진동,0,0,2차푸르지오시티,전세,23.24,7500,0,7,2014
201712,1,세종특별자치시 어진동,0,0,푸르지오시티,전세,23.74,7000,0,15,2014
201712,3,세종특별자치시 어진동,0,0,2차푸르지오시티,월세,23.24,2000,20,6,2014
201712,4,세종특별자치시 어진동,0,0,2차푸르지오시티,월세,21.92,300,28,6,2014
201712,4,세종특별자치시 어진동,0,0,푸르지오시티,전세,22.42,6000,0,18,2014
201712,4,세종특별자치시 어진동,0,0,푸르지오시티,전세,24.32,7000,0,9,2014
201712,5,세종특별자치시 어진동,0,0,2차푸르지오시티,월세,23.24,3500,20,16,2014
201712,5,세종특별자치시 어진동,0,0,푸르지오시티,전세,22.42,7000,0,13,2014
201712,6,세종특별자치시 어진동,0,0,2차푸르지오시티,월세,21.92,6000,5,6,2014
201712,7,세종특별자치시 어진동,0,0,푸르지오시티,전세,23.74,8000,0,16,2014
201712,9,세종특별자치시 어진동,0,0,호수의아침,전세,24.01,7000,0,11,2014
201712,11,세종특별자치시 도담동,246,5,세종한신휴시티,월세,27.43,300,35,7,2014
201712,11,세종특별자치시 어진동,0,0,푸르지오시티,전세,30.24,8000,0,16,2014
201712,12,세종특별자치시 어진동,0,0,2차푸르지오시티,월세,21.92,300,28,13,2014
201712,14,세종특별자치시 어진동,0,0,호수의아침,전세,24.01,7500,0,15,2014
201712,15,세종특별자치시 어진동,0,0,2차푸르지오시티,월세,30.48,500,40,15,2014
201712,15,세종특별자치시 어진동,0,0,푸르지오시티,월세,23.74,500,33,18,2014
201712,15,세종특별자치시 어진동,0,0,호수의아침,전세,24.01,7500,0,14,2014
201712,16,세종특별자치시 어진동,0,0,푸르지오시티,전세,22.42,7500,0,12,2014
201712,21,세종특별자치시 어진동,0,0,푸르지오시티,전세,22.42,7500,0,12,2014
201712,23,세종특별자치시 어진동,0,0,2차푸르지오시티,월세,23.24,2000,25,6,2014
201712,26,세종특별자치시 도담동,246,5,세종한신휴시티,월세,27.43,300,38,4,2014
201712,26,세종특별자치시 어진동,0,0,푸르지오시티,전세,23.74,7500,0,8,2014
201712,26,세종특별자치시 어진동,0,0,푸르지오시티,월세,24.32,300,30,11,2014
201712,26,세종특별자치시 어진동,0,0,푸르지오시티,월세,23.74,300,30,12,2014
201712,27,세종특별자치시 어진동,0,0,2차푸르지오시티,전세,23.24,7000,0,9,2014
201712,27,세종특별자치시 어진동,0,0,호수의아침,월세,25.86,500,38,14,2014
201712,29,세종특별자치시 어진동,0,0,푸르지오시티,전세,23.74,7500,0,18,2014
201712,30,세종특별자치시 어진동,0,0,푸르지오시티,월세,22.42,300,30,13,2014
201712,30,세종특별자치시 어진동,0,0,호수의아침,전세,28.65,9000,0,14,2014
201801,2,세종특별자치시 어진동,0,0,2차푸르지오시티,월세,21.92,2200,25,7,2014
201801,3,세종특별자치시 어진동,0,0,푸르지오시티,전세,23.74,8000,0,10,2014
201801,6,세종특별자치시 어진동,0,0,2차푸르지오시티,전세,28.72,6500,0,14,2014
201801,6,세종특별자치시 어진동,0,0,2차푸르지오시티,월세,23.24,2000,25,13,2014
201801,9,세종특별자치시 어진동,0,0,푸르지오시티,전세,30.24,8000,0,14,2014
201801,11,세종특별자치시 어진동,0,0,2차푸르지오시티,전세,23.24,7000,0,8,2014
201801,12,세종특별자치시 어진동,0,0,푸르지오시티,전세,24.5,6800,0,12,2014
201801,13,세종특별자치시 어진동,0,0,2차푸르지오시티,월세,36.58,500,50,17,2014
201801,13,세종특별자치시 어진동,0,0,2차푸르지오시티,월세,21.92,300,30,9,2014
201801,13,세종특별자치시 어진동,0,0,2차푸르지오시티,전세,36.58,9000,0,17,2014
201801,13,세종특별자치시 어진동,0,0,푸르지오시티,전세,22.42,7000,0,8,2014
201801,14,세종특별자치시 어진동,0,0,2차푸르지오시티,월세,21.92,300,27,7,2014
201801,15,세종특별자치시 어진동,0,0,2차푸르지오시티,전세,21.92,6300,0,10,2014
201801,17,세종특별자치시 어진동,0,0,푸르지오시티,월세,22.42,300,30,7,2014
201801,20,세종특별자치시 어진동,0,0,호수의아침,전세,24.01,6500,0,11,2014
201801,22,세종특별자치시 도담동,246,5,세종한신휴시티,월세,24.03,300,33,5,2014
201801,22,세종특별자치시 어진동,0,0,2차푸르지오시티,전세,23.24,8000,0,12,2014
201801,22,세종특별자치시 어진동,0,0,2차푸르지오시티,월세,28.72,300,37,9,2014
201801,23,세종특별자치시 어진동,0,0,푸르지오시티,전세,23.74,7000,0,12,2014
201801,24,세종특별자치시 어진동,0,0,2차푸르지오시티,월세,28.72,2000,25,8,2014
201801,24,세종특별자치시 어진동,0,0,호수의아침,월세,24.01,300,32,12,2014
201801,27,세종특별자치시 어진동,0,0,호수의아침,전세,28.65,9000,0,16,2014
201801,28,세종특별자치시 어진동,0,0,푸르지오시티,전세,24.22,6800,0,4,2014
201801,29,세종특별자치시 도담동,246,5,세종한신휴시티,전세,24.03,8000,0,8,2014
201801,29,세종특별자치시 어진동,0,0,푸르지오시티,월세,22.42,300,29,10,2014
201801,29,세종특별자치시 어진동,0,0,호수의아침,월세,24.01,300,35,14,2014
201801,30,세종특별자치시 어진동,0,0,2차푸르지오시티,전세,21.92,7000,0,9,2014
201801,31,세종특별자치시 어진동,0,0,2차푸르지오시티,전세,21.92,7000,0,7,2014
201801,31,세종특별자치시 어진동,0,0,푸르지오시티,월세,29.06,500,40,7,2014
201801,31,세종특별자치시 어진동,0,0,호수의아침,전세,28.65,9000,0,12,2014
201802,1,세종특별자치시 어진동,0,0,2차푸르지오시티,전세,30.48,7000,0,14,2014
201802,1,세종특별자치시 어진동,0,0,푸르지오시티,전세,23.74,7000,0,10,2014
201802,1,세종특별자치시 어진동,0,0,푸르지오시티,월세,22.42,300,33,11,2014
201802,1,세종특별자치시 어진동,0,0,푸르지오시티,월세,23.74,6000,10,10,2014
201802,1,세종특별자치시 어진동,0,0,호수의아침,전세,24.62,7500,0,11,2014
201802,2,세종특별자치시 어진동,0,0,2차푸르지오시티,월세,21.92,2000,20,11,2014
201802,2,세종특별자치시 어진동,0,0,2차푸르지오시티,월세,21.92,300,30,14,2014
201802,2,세종특별자치시 어진동,0,0,푸르지오시티,전세,23.74,7000,0,16,2014
201802,2,세종특별자치시 어진동,0,0,푸르지오시티,전세,24.32,7800,0,15,2014
201802,2,세종특별자치시 어진동,0,0,호수의아침,전세,24.01,8000,0,14,2014
201802,2,세종특별자치시 어진동,0,0,호수의아침,전세,28.65,9000,0,10,2014
201802,3,세종특별자치시 도담동,246,5,세종한신휴시티,전세,24.03,7500,0,8,2014
201802,3,세종특별자치시 어진동,0,0,2차푸르지오시티,전세,21.92,6000,0,9,2014
201802,3,세종특별자치시 어진동,0,0,푸르지오시티,전세,24.5,7000,0,15,2014
201802,3,세종특별자치시 어진동,0,0,호수의아침,전세,23.57,6000,0,11,2014
201802,4,세종특별자치시 어진동,0,0,2차푸르지오시티,전세,21.92,6500,0,9,2014
201802,4,세종특별자치시 어진동,0,0,푸르지오시티,전세,22.42,8000,0,12,2014
201802,5,세종특별자치시 나성동,0,0,더리치세종의아침,전세,41.96,12000,0,3,2015
201802,5,세종특별자치시 도담동,246,5,세종한신휴시티,월세,27.09,300,37,7,2014
201802,5,세종특별자치시 어진동,0,0,푸르지오시티,월세,23.74,500,28,4,2014
201802,5,세종특별자치시 어진동,0,0,푸르지오시티,월세,22.42,300,30,9,2014
201802,5,세종특별자치시 어진동,0,0,푸르지오시티,월세,23.74,300,30,17,2014
201802,6,세종특별자치시 도담동,246,5,세종한신휴시티,월세,24.03,300,35,7,2014
201802,6,세종특별자치시 도담동,246,5,세종한신휴시티,월세,40.96,500,40,7,2014
201802,6,세종특별자치시 어진동,0,0,푸르지오시티,월세,24.22,300,33,17,2014
201802,6,세종특별자치시 어진동,0,0,호수의아침,월세,28.65,300,37,15,2014
201802,7,세종특별자치시 어진동,0,0,푸르지오시티,월세,22.42,500,40,11,2014
201802,9,세종특별자치시 도담동,246,5,세종한신휴시티,월세,27.43,500,37,7,2014
201802,10,세종특별자치시 도담동,246,5,세종한신휴시티,월세,27.43,500,37,5,2014
201802,10,세종특별자치시 어진동,0,0,2차푸르지오시티,월세,30.48,500,35,9,2014
201802,10,세종특별자치시 어진동,0,0,2차푸르지오시티,전세,21.92,6500,0,6,2014
201802,11,세종특별자치시 어진동,0,0,2차푸르지오시티,전세,23.24,7000,0,6,2014
201802,12,세종특별자치시 어진동,0,0,2차푸르지오시티,전세,23.24,7000,0,8,2014
201802,19,세종특별자치시 어진동,0,0,2차푸르지오시티,월세,23.24,300,35,11,2014
201802,19,세종특별자치시 어진동,0,0,푸르지오시티,월세,29.06,3500,25,6,2014
201802,19,세종특별자치시 어진동,0,0,호수의아침,월세,24.01,300,33,12,2014
201802,21,세종특별자치시 나성동,713,0,세진이너스빌,월세,34.15,5500,15,5,2013
201802,21,세종특별자치시 도담동,246,5,세종한신휴시티,월세,24.03,400,35,6,2014
201802,21,세종특별자치시 어진동,0,0,2차푸르지오시티,월세,23.24,300,35,12,2014
201802,23,세종특별자치시 어진동,0,0,푸르지오시티,월세,23.74,300,30,10,2014
201802,23,세종특별자치시 어진동,0,0,푸르지오시티,전세,22.42,7000,0,6,2014
201802,23,세종특별자치시 어진동,0,0,호수의아침,전세,23.57,7000,0,10,2014
201802,24,세종특별자치시 어진동,0,0,푸르지오시티,월세,23.74,300,30,15,2014
201802,24,세종특별자치시 어진동,0,0,푸르지오시티,전세,22.42,7300,0,12,2014
201802,24,세종특별자치시 어진동,0,0,호수의아침,월세,24.01,300,30,14,2014
201802,28,세종특별자치시 어진동,0,0,푸르지오시티,월세,24.32,1000,25,4,2014
201803,1,세종특별자치시 어진동,0,0,2차푸르지오시티,월세,23.24,300,32,5,2014
201803,1,세종특별자치시 어진동,0,0,2차푸르지오시티,전세,21.92,6500,0,5,2014
201803,1,세종특별자치시 어진동,0,0,푸르지오시티,전세,30.24,9000,0,14,2014
201803,1,세종특별자치시 어진동,0,0,푸르지오시티,월세,23.74,3000,20,16,2014
201803,2,세종특별자치시 어진동,0,0,2차푸르지오시티,월세,23.24,3000,25,11,2014
201803,3,세종특별자치시 어진동,0,0,푸르지오시티,전세,22.42,7500,0,6,2014
201803,3,세종특별자치시 어진동,0,0,푸르지오시티,전세,22.42,7000,0,7,2014
201803,3,세종특별자치시 어진동,0,0,호수의아침,월세,23.57,200,29,16,2014
201803,5,세종특별자치시 어진동,0,0,2차푸르지오시티,월세,21.92,300,30,10,2014
201803,6,세종특별자치시 도담동,246,5,세종한신휴시티,월세,29.47,300,38,4,2014
201803,10,세종특별자치시 어진동,0,0,2차푸르지오시티,월세,23.24,300,30,8,2014
201803,11,세종특별자치시 어진동,0,0,푸르지오시티,월세,23.74,300,30,6,2014
201803,12,세종특별자치시 어진동,0,0,푸르지오시티,전세,29.06,9000,0,8,2014
201803,12,세종특별자치시 어진동,0,0,호수의아침,전세,24.01,7500,0,14,2014
201803,13,세종특별자치시 어진동,0,0,2차푸르지오시티,전세,21.92,7500,0,7,2014
201803,15,세종특별자치시 어진동,0,0,2차푸르지오시티,월세,21.92,300,30,15,2014
201803,15,세종특별자치시 어진동,0,0,푸르지오시티,전세,22.42,7000,0,16,2014
201803,17,세종특별자치시 도담동,246,5,세종한신휴시티,전세,24.03,8000,0,4,2014
201803,17,세종특별자치시 어진동,0,0,푸르지오시티,전세,23.74,8200,0,11,2014
201803,17,세종특별자치시 어진동,0,0,호수의아침,전세,28.65,10000,0,11,2014
201803,19,세종특별자치시 어진동,0,0,2차푸르지오시티,전세,23.24,10000,0,15,2014
201803,19,세종특별자치시 어진동,0,0,푸르지오시티,전세,24.22,7500,0,11,2014
201803,19,세종특별자치시 어진동,0,0,호수의아침,월세,24.01,300,30,15,2014
201803,19,세종특별자치시 어진동,0,0,호수의아침,월세,28.65,500,40,17,2014
201803,20,세종특별자치시 어진동,0,0,푸르지오시티,월세,22.42,300,30,10,2014
201803,20,세종특별자치시 어진동,0,0,푸르지오시티,전세,22.42,7000,0,4,2014
201803,21,세종특별자치시 어진동,0,0,푸르지오시티,전세,23.74,7500,0,16,2014
201803,24,세종특별자치시 어진동,0,0,푸르지오시티,월세,29.06,500,38,4,2014
201803,24,세종특별자치시 어진동,0,0,푸르지오시티,월세,23.74,500,33,10,2014
201803,24,세종특별자치시 어진동,0,0,호수의아침,전세,24.01,7500,0,13,2014
201803,25,세종특별자치시 어진동,0,0,2차푸르지오시티,월세,23.24,2000,23,10,2014
201803,26,세종특별자치시 나성동,0,0,더리치세종의아침,월세,27.16,500,35,3,2015
201803,26,세종특별자치시 도담동,246,5,세종한신휴시티,월세,27.43,500,35,6,2014
201803,26,세종특별자치시 어진동,0,0,2차푸르지오시티,월세,23.24,100,40,9,2014
201803,26,세종특별자치시 어진동,0,0,호수의아침,월세,24.01,300,30,14,2014
201803,26,세종특별자치시 어진동,0,0,호수의아침,월세,23.57,300,28,15,2014
201803,29,세종특별자치시 어진동,0,0,푸르지오시티,전세,22.42,7500,0,14,2014
201803,29,세종특별자치시 어진동,0,0,호수의아침,월세,28.65,500,37,12,2014
201803,30,세종특별자치시 나성동,713,0,세진이너스빌,월세,34.15,3000,23,6,2013
201803,30,세종특별자치시 어진동,0,0,2차푸르지오시티,전세,21.92,7000,0,16,2014
201803,31,세종특별자치시 어진동,0,0,2차푸르지오시티,전세,23.24,7000,0,6,2014
201803,31,세종특별자치시 어진동,0,0,푸르지오시티,월세,23.74,2000,15,12,2014
201803,31,세종특별자치시 어진동,0,0,푸르지오시티,전세,23.74,7500,0,18,2014
201804,1,세종특별자치시 어진동,0,0,2차푸르지오시티,전세,21.92,7000,0,15,2014
201804,2,세종특별자치시 어진동,0,0,2차푸르지오시티,월세,30.48,500,40,16,2014
201804,2,세종특별자치시 어진동,0,0,호수의아침,월세,23.57,800,25,11,2014
201804,3,세종특별자치시 어진동,0,0,푸르지오시티,전세,29.06,10000,0,16,2014
201804,6,세종특별자치시 어진동,0,0,푸르지오시티,전세,24.32,7000,0,9,2014
201804,6,세종특별자치시 어진동,0,0,푸르지오시티,전세,22.42,7000,0,4,2014
201804,7,세종특별자치시 어진동,0,0,호수의아침,전세,24.62,7500,0,12,2014
201804,9,세종특별자치시 어진동,0,0,푸르지오시티,전세,23.74,8000,0,16,2014
201804,10,세종특별자치시 어진동,0,0,2차푸르지오시티,전세,21.92,6500,0,6,2014
201804,10,세종특별자치시 어진동,0,0,푸르지오시티,전세,24.22,7000,0,17,2014
201804,14,세종특별자치시 어진동,0,0,푸르지오시티,월세,23.74,300,27,5,2014
201804,15,세종특별자치시 조치원읍 침산리,258,6,1동(258-6),월세,36.5,300,38,3,2008
201804,16,세종특별자치시 어진동,0,0,호수의아침,전세,28.65,9450,0,10,2014
201804,17,세종특별자치시 어진동,0,0,2차푸르지오시티,월세,28.72,1000,35,17,2014
201804,19,세종특별자치시 어진동,0,0,푸르지오시티,전세,29.06,9000,0,18,2014
201804,20,세종특별자치시 도담동,246,5,세종한신휴시티,전세,24.03,8500,0,4,2014
201804,24,세종특별자치시 도담동,246,5,세종한신휴시티,월세,27.43,500,30,8,2014
201804,24,세종특별자치시 어진동,0,0,푸르지오시티,전세,23.74,7000,0,5,2014
201804,25,세종특별자치시 어진동,0,0,호수의아침,월세,23.57,300,28,16,2014
201804,27,세종특별자치시 어진동,0,0,2차푸르지오시티,전세,23.24,7000,0,14,2014
201804,30,세종특별자치시 어진동,0,0,2차푸르지오시티,월세,21.92,2000,20,7,2014
201804,30,세종특별자치시 어진동,0,0,2차푸르지오시티,월세,30.48,3000,20,13,2014
201804,30,세종특별자치시 어진동,0,0,2차푸르지오시티,월세,21.92,300,28,6,2014
201804,30,세종특별자치시 어진동,0,0,푸르지오시티,월세,23.74,300,27,9,2014
201805,1,세종특별자치시 어진동,0,0,2차푸르지오시티,전세,23.24,8000,0,14,2014
201805,1,세종특별자치시 어진동,0,0,푸르지오시티,전세,23.74,7000,0,10,2014
201805,1,세종특별자치시 어진동,0,0,푸르지오시티,전세,23.74,7000,0,8,2014
201805,1,세종특별자치시 어진동,0,0,호수의아침,월세,28.65,500,45,16,2014
201805,5,세종특별자치시 어진동,0,0,2차푸르지오시티,월세,21.92,300,26,15,2014
201805,6,세종특별자치시 어진동,0,0,호수의아침,전세,28.65,8000,0,11,2014
201805,8,세종특별자치시 어진동,0,0,푸르지오시티,월세,23.74,300,30,8,2014
201805,8,세종특별자치시 어진동,0,0,호수의아침,월세,24.01,300,29,10,2014
201805,10,세종특별자치시 어진동,0,0,2차푸르지오시티,전세,21.92,6000,0,8,2014
201805,12,세종특별자치시 어진동,0,0,푸르지오시티,월세,30.24,500,38,15,2014
201805,17,세종특별자치시 조치원읍 상리,121,4,제이드팰리스,전세,63.19,8000,0,3,2015
201805,18,세종특별자치시 어진동,0,0,푸르지오시티,월세,22.42,300,28,8,2014
201805,19,세종특별자치시 어진동,0,0,2차푸르지오시티,월세,23.24,300,35,15,2014
201805,19,세종특별자치시 어진동,0,0,푸르지오시티,전세,22.42,7500,0,14,2014
201805,19,세종특별자치시 어진동,0,0,푸르지오시티,전세,23.74,7000,0,16,2014
201805,20,세종특별자치시 어진동,0,0,푸르지오시티,전세,30.24,9000,0,14,2014
201805,21,세종특별자치시 어진동,0,0,호수의아침,월세,24.01,300,28,14,2014
201805,22,세종특별자치시 도담동,246,5,세종한신휴시티,전세,33.55,4725,0,3,2014
201805,22,세종특별자치시 어진동,0,0,푸르지오시티,월세,22.42,300,30,13,2014
201805,22,세종특별자치시 어진동,0,0,호수의아침,월세,24.01,2000,20,10,2014
201805,23,세종특별자치시 어진동,0,0,호수의아침,전세,23.57,6000,0,12,2014
201805,24,세종특별자치시 어진동,0,0,호수의아침,월세,24.01,300,30,10,2014
201805,25,세종특별자치시 어진동,0,0,2차푸르지오시티,전세,30.48,9000,0,12,2014
201805,25,세종특별자치시 어진동,0,0,2차푸르지오시티,월세,23.24,300,32,5,2014
201805,26,세종특별자치시 나성동,713,0,세진이너스빌,월세,34.15,2500,26,8,2013
201805,27,세종특별자치시 어진동,0,0,2차푸르지오시티,전세,21.92,7500,0,16,2014
201805,29,세종특별자치시 어진동,0,0,2차푸르지오시티,전세,21.92,6800,0,13,2014
201805,30,세종특별자치시 도담동,246,5,세종한신휴시티,월세,24.03,300,30,6,2014
201805,30,세종특별자치시 어진동,0,0,호수의아침,월세,28.65,300,30,12,2014
201806,2,세종특별자치시 어진동,0,0,푸르지오시티,전세,22.42,6000,0,12,2014
201806,8,세종특별자치시 어진동,0,0,2차푸르지오시티,월세,23.24,300,30,11,2014
201806,8,세종특별자치시 어진동,0,0,푸르지오시티,월세,22.42,300,29,4,2014
201806,13,세종특별자치시 어진동,0,0,푸르지오시티,월세,23.74,300,27,5,2014
201806,16,세종특별자치시 어진동,0,0,호수의아침,월세,24.01,2000,20,13,2014
201806,21,세종특별자치시 어진동,0,0,2차푸르지오시티,월세,21.92,300,27,15,2014
201806,22,세종특별자치시 어진동,0,0,2차푸르지오시티,전세,21.92,6500,0,15,2014
201806,23,세종특별자치시 어진동,0,0,2차푸르지오시티,전세,21.92,6000,0,11,2014
201806,23,세종특별자치시 어진동,0,0,2차푸르지오시티,전세,21.92,6000,0,5,2014
201806,23,세종특별자치시 어진동,0,0,푸르지오시티,월세,23.74,300,30,19,2014
201806,23,세종특별자치시 어진동,0,0,호수의아침,전세,23.57,7000,0,13,2014
201806,24,세종특별자치시 어진동,0,0,2차푸르지오시티,월세,23.24,300,28,11,2014
201806,24,세종특별자치시 어진동,0,0,2차푸르지오시티,전세,36.58,10000,0,17,2014
201806,26,세종특별자치시 어진동,0,0,푸르지오시티,월세,24.12,300,27,7,2014
201806,27,세종특별자치시 어진동,0,0,푸르지오시티,월세,23.74,300,30,16,2014
201806,28,세종특별자치시 어진동,0,0,푸르지오시티,전세,23.74,6500,0,14,2014
201806,29,세종특별자치시 어진동,0,0,2차푸르지오시티,전세,21.92,6700,0,5,2014
201807,1,세종특별자치시 어진동,0,0,2차푸르지오시티,월세,21.92,2200,25,7,2014
201807,1,세종특별자치시 어진동,0,0,푸르지오시티,전세,23.74,7000,0,16,2014
201807,1,세종특별자치시 어진동,0,0,호수의아침,월세,24.01,300,36,12,2014
201807,4,세종특별자치시 어진동,0,0,푸르지오시티,월세,23.74,300,30,4,2014
201807,5,세종특별자치시 어진동,0,0,푸르지오시티,월세,22.42,300,30,5,2014
201807,7,세종특별자치시 도담동,246,5,세종한신휴시티,월세,29.47,500,40,3,2014
201807,8,세종특별자치시 도담동,246,5,세종한신휴시티,월세,34.91,500,40,5,2014
201807,9,세종특별자치시 어진동,0,0,2차푸르지오시티,전세,23.24,7000,0,8,2014
201807,9,세종특별자치시 어진동,0,0,2차푸르지오시티,월세,23.24,300,30,10,2014
201807,10,세종특별자치시 어진동,0,0,푸르지오시티,월세,23.74,300,33,19,2014
201807,11,세종특별자치시 어진동,0,0,푸르지오시티,월세,23.74,300,28,14,2014
201807,12,세종특별자치시 도담동,246,5,세종한신휴시티,월세,31.17,300,35,5,2014
201807,12,세종특별자치시 도담동,246,5,세종한신휴시티,월세,24.03,300,30,5,2014
201807,13,세종특별자치시 어진동,0,0,푸르지오시티,월세,24.32,300,28,4,2014
201807,14,세종특별자치시 어진동,0,0,2차푸르지오시티,전세,21.92,6500,0,12,2014
201807,14,세종특별자치시 어진동,0,0,푸르지오시티,월세,22.42,300,33,10,2014
201807,15,세종특별자치시 어진동,0,0,2차푸르지오시티,전세,30.48,9000,0,12,2014
201807,16,세종특별자치시 어진동,0,0,2차푸르지오시티,월세,21.92,300,30,8,2014
201807,16,세종특별자치시 어진동,0,0,2차푸르지오시티,월세,21.92,300,27,15,2014
201807,16,세종특별자치시 어진동,0,0,푸르지오시티,월세,23.74,300,38,10,2014
201807,18,세종특별자치시 도담동,246,5,세종한신휴시티,월세,24.03,300,30,6,2014
201807,19,세종특별자치시 어진동,0,0,2차푸르지오시티,월세,21.92,300,25,14,2014
201807,20,세종특별자치시 나성동,0,0,더리치세종의아침,월세,33.65,500,40,3,2015
201807,21,세종특별자치시 어진동,0,0,2차푸르지오시티,전세,23.24,6500,0,14,2014
201807,21,세종특별자치시 어진동,0,0,푸르지오시티,전세,23.74,8000,0,12,2014
201807,23,세종특별자치시 어진동,0,0,2차푸르지오시티,전세,21.92,6000,0,8,2014
201807,24,세종특별자치시 나성동,0,0,더리치세종의아침,월세,26.34,1500,28,3,2015
201807,24,세종특별자치시 어진동,0,0,2차푸르지오시티,월세,21.92,300,25,5,2014
201807,24,세종특별자치시 어진동,0,0,푸르지오시티,전세,24.32,7000,0,6,2014
201807,26,세종특별자치시 어진동,0,0,2차푸르지오시티,월세,21.92,300,27,9,2014
201807,26,세종특별자치시 어진동,0,0,푸르지오시티,월세,23.74,300,30,12,2014
201807,26,세종특별자치시 어진동,0,0,푸르지오시티,월세,24.5,300,29,7,2014
201807,26,세종특별자치시 어진동,0,0,푸르지오시티,월세,24.32,300,30,14,2014
201807,27,세종특별자치시 어진동,0,0,2차푸르지오시티,전세,21.92,6000,0,7,2014
201807,27,세종특별자치시 어진동,0,0,2차푸르지오시티,월세,21.92,300,25,8,2014
201807,30,세종특별자치시 나성동,713,0,세진이너스빌,월세,34.15,500,35,8,2013
201807,30,세종특별자치시 어진동,0,0,푸르지오시티,전세,22.42,7000,0,11,2014
201807,30,세종특별자치시 어진동,0,0,푸르지오시티,월세,23.74,500,27,6,2014
201807,31,세종특별자치시 어진동,0,0,2차푸르지오시티,전세,23.24,7000,0,7,2014
201808,1,세종특별자치시 나성동,713,0,세진이너스빌,월세,34.15,500,33,5,2013
201808,1,세종특별자치시 어진동,0,0,2차푸르지오시티,월세,23.24,300,30,13,2014
201808,1,세종특별자치시 어진동,0,0,푸르지오시티,월세,22.42,2000,20,6,2014
201808,1,세종특별자치시 어진동,0,0,호수의아침,월세,24.01,300,27,12,2014
201808,3,세종특별자치시 어진동,0,0,2차푸르지오시티,월세,28.72,1500,30,11,2014
201808,6,세종특별자치시 어진동,0,0,푸르지오시티,월세,24.32,300,30,10,2014
201808,6,세종특별자치시 어진동,0,0,푸르지오시티,전세,23.74,7000,0,13,2014
201808,7,세종특별자치시 나성동,713,0,세진이너스빌,월세,34.15,500,33,4,2013
201808,7,세종특별자치시 어진동,0,0,푸르지오시티,월세,23.74,300,30,14,2014
201808,9,세종특별자치시 도담동,246,5,세종한신휴시티,월세,24.03,300,33,4,2014
201808,9,세종특별자치시 어진동,0,0,2차푸르지오시티,월세,21.92,300,25,12,2014
201808,9,세종특별자치시 어진동,0,0,푸르지오시티,전세,22.42,7000,0,13,2014
201808,10,세종특별자치시 어진동,0,0,2차푸르지오시티,월세,21.92,300,30,8,2014
201808,10,세종특별자치시 어진동,0,0,푸르지오시티,월세,23.74,300,30,6,2014
201808,11,세종특별자치시 도담동,246,5,세종한신휴시티,전세,24.03,7000,0,8,2014
201808,11,세종특별자치시 어진동,0,0,푸르지오시티,월세,23.74,300,30,19,2014
201808,11,세종특별자치시 어진동,0,0,푸르지오시티,전세,23.74,7000,0,12,2014
201808,13,세종특별자치시 어진동,0,0,푸르지오시티,월세,22.42,300,30,4,2014
201808,13,세종특별자치시 조치원읍 상리,121,4,제이드팰리스,월세,63.19,7500,10,2,2015
201808,14,세종특별자치시 어진동,0,0,2차푸르지오시티,전세,21.92,6000,0,8,2014
201808,15,세종특별자치시 나성동,0,0,마들렌,전세,40.64,10000,0,6,2016
201808,15,세종특별자치시 어진동,0,0,푸르지오시티,월세,22.42,2000,20,10,2014
201808,15,세종특별자치시 어진동,0,0,푸르지오시티,전세,24.12,7000,0,11,2014
201808,15,세종특별자치시 어진동,0,0,호수의아침,월세,23.57,300,27,10,2014
201808,16,세종특별자치시 어진동,0,0,푸르지오시티,전세,23.74,7500,0,10,2014
201808,18,세종특별자치시 어진동,0,0,2차푸르지오시티,전세,23.24,6300,0,10,2014
201808,18,세종특별자치시 어진동,0,0,푸르지오시티,전세,23.52,6800,0,14,2014
201808,19,세종특별자치시 어진동,0,0,푸르지오시티,월세,23.74,200,30,5,2014
201808,20,세종특별자치시 어진동,0,0,푸르지오시티,월세,44.84,300,30,20,2014
201808,22,세종특별자치시 어진동,0,0,푸르지오시티,월세,22.42,300,28,20,2014
201808,24,세종특별자치시 도담동,246,5,세종한신휴시티,월세,24.03,300,35,4,2014
201808,25,세종특별자치시 어진동,0,0,푸르지오시티,월세,23.74,2000,15,12,2014
201808,26,세종특별자치시 도담동,246,5,세종한신휴시티,월세,24.03,300,33,3,2014
201808,28,세종특별자치시 어진동,0,0,2차푸르지오시티,월세,36.58,500,50,17,2014
201808,28,세종특별자치시 어진동,0,0,푸르지오시티,월세,22.42,300,30,11,2014
201809,1,세종특별자치시 도담동,246,5,세종한신휴시티,월세,24.03,500,30,5,2014
201809,1,세종특별자치시 어진동,0,0,푸르지오시티,전세,22.42,7000,0,9,2014
201809,1,세종특별자치시 어진동,0,0,푸르지오시티,월세,24.22,300,33,19,2014
201809,1,세종특별자치시 어진동,0,0,푸르지오시티,전세,23.74,7000,0,10,2014
201809,3,세종특별자치시 어진동,0,0,푸르지오시티,월세,22.42,300,30,13,2014
201809,4,세종특별자치시 도담동,246,5,세종한신휴시티,월세,27.43,300,36,5,2014
201809,4,세종특별자치시 도담동,246,5,세종한신휴시티,전세,27.09,8800,0,7,2014
201809,4,세종특별자치시 어진동,0,0,2차푸르지오시티,전세,21.92,6500,0,5,2014
201809,5,세종특별자치시 어진동,0,0,2차푸르지오시티,전세,21.92,6500,0,7,2014
201809,6,세종특별자치시 어진동,0,0,2차푸르지오시티,월세,21.92,300,28,15,2014
201809,6,세종특별자치시 어진동,0,0,푸르지오시티,월세,23.74,300,30,11,2014
201809,6,세종특별자치시 어진동,0,0,푸르지오시티,전세,23.74,7000,0,5,2014
201809,7,세종특별자치시 어진동,0,0,2차푸르지오시티,월세,21.92,300,27,14,2014
201809,7,세종특별자치시 어진동,0,0,푸르지오시티,월세,24.5,300,30,11,2014
201809,8,세종특별자치시 도담동,246,5,세종한신휴시티,월세,27.43,300,38,4,2014
201809,8,세종특별자치시 어진동,0,0,푸르지오시티,전세,30.24,8400,0,16,2014
201809,8,세종특별자치시 어진동,0,0,호수의아침,전세,28.65,9000,0,12,2014
201809,11,세종특별자치시 어진동,0,0,푸르지오시티,전세,22.42,6500,0,14,2014
201809,12,세종특별자치시 어진동,0,0,푸르지오시티,전세,22.42,6500,0,10,2014
201809,13,세종특별자치시 어진동,0,0,2차푸르지오시티,전세,21.92,7000,0,14,2014
201809,15,세종특별자치시 도담동,246,5,세종한신휴시티,월세,24.03,500,33,8,2014
201809,16,세종특별자치시 어진동,0,0,호수의아침,월세,24.01,300,35,16,2014
201809,17,세종특별자치시 어진동,0,0,푸르지오시티,전세,22.42,7000,0,19,2014
201809,27,세종특별자치시 어진동,0,0,푸르지오시티,월세,24.32,300,30,17,2014
201809,30,세종특별자치시 어진동,0,0,푸르지오시티,전세,24.22,7300,0,11,2014
201809,30,세종특별자치시 어진동,0,0,푸르지오시티,전세,24.12,6500,0,17,2014
201810,2,세종특별자치시 도담동,246,5,세종한신휴시티,월세,29.47,300,40,6,2014
201810,2,세종특별자치시 어진동,0,0,푸르지오시티,월세,22.42,2000,20,6,2014
201810,3,세종특별자치시 어진동,0,0,푸르지오시티,월세,23.74,300,31,18,2014
201810,4,세종특별자치시 어진동,0,0,푸르지오시티,전세,23.74,6500,0,7,2014
201810,4,세종특별자치시 어진동,0,0,호수의아침,전세,28.65,8500,0,10,2014
201810,9,세종특별자치시 어진동,0,0,2차푸르지오시티,월세,30.48,2000,30,9,2014
201810,9,세종특별자치시 어진동,0,0,푸르지오시티,전세,23.74,7000,0,9,2014
201810,11,세종특별자치시 어진동,0,0,푸르지오시티,전세,23.74,6500,0,15,2014
201810,12,세종특별자치시 어진동,0,0,푸르지오시티,월세,23.74,300,30,14,2014
201810,14,세종특별자치시 나성동,0,0,더리치세종의아침,월세,35.41,2000,30,7,2015
201810,14,세종특별자치시 어진동,0,0,2차푸르지오시티,월세,23.24,300,35,11,2014
201810,15,세종특별자치시 어진동,0,0,푸르지오시티,전세,24.5,6500,0,6,2014
201810,16,세종특별자치시 어진동,0,0,푸르지오시티,전세,24.32,7000,0,12,2014
201810,17,세종특별자치시 어진동,0,0,푸르지오시티,월세,39.11,1000,55,18,2014
201810,19,세종특별자치시 어진동,0,0,푸르지오시티,월세,24.32,300,30,7,2014
201810,19,세종특별자치시 어진동,0,0,푸르지오시티,전세,24.12,6500,0,6,2014
201810,19,세종특별자치시 어진동,0,0,푸르지오시티,전세,23.74,7000,0,20,2014
201810,19,세종특별자치시 어진동,0,0,푸르지오시티,월세,23.74,300,26,5,2014
201810,20,세종특별자치시 어진동,0,0,2차푸르지오시티,전세,21.92,6000,0,14,2014
201810,21,세종특별자치시 어진동,0,0,푸르지오시티,월세,23.74,3000,20,16,2014
201810,22,세종특별자치시 어진동,0,0,2차푸르지오시티,월세,23.24,1500,22,9,2014
201810,23,세종특별자치시 어진동,0,0,2차푸르지오시티,월세,23.24,300,28,12,2014
201810,25,세종특별자치시 어진동,0,0,푸르지오시티,월세,24.32,300,29,9,2014
201810,26,세종특별자치시 어진동,0,0,2차푸르지오시티,전세,21.92,6000,0,11,2014
201810,26,세종특별자치시 어진동,0,0,푸르지오시티,전세,23.74,7000,0,4,2014
201810,26,세종특별자치시 어진동,0,0,푸르지오시티,전세,24.12,7000,0,17,2014
201810,26,세종특별자치시 어진동,0,0,호수의아침,월세,24.01,1500,20,10,2014
201810,27,세종특별자치시 어진동,0,0,2차푸르지오시티,월세,21.92,300,27,10,2014
201810,27,세종특별자치시 어진동,0,0,푸르지오시티,월세,23.74,1500,20,11,2014
201810,28,세종특별자치시 나성동,0,0,더리치세종의아침,전세,35.38,12000,0,3,2015
201810,28,세종특별자치시 어진동,0,0,2차푸르지오시티,월세,23.24,300,35,16,2014
201810,28,세종특별자치시 어진동,0,0,호수의아침,전세,23.57,6800,0,15,2014
201810,30,세종특별자치시 어진동,0,0,2차푸르지오시티,월세,21.92,300,28,7,2014
201810,31,세종특별자치시 도담동,246,5,세종한신휴시티,월세,27.43,300,36,4,2014
201810,31,세종특별자치시 어진동,0,0,2차푸르지오시티,월세,21.92,300,28,10,2014
201810,31,세종특별자치시 어진동,0,0,푸르지오시티,월세,44.84,2000,20,15,2014
201811,1,세종특별자치시 어진동,0,0,2차푸르지오시티,월세,37.9,1000,40,17,2014
201811,1,세종특별자치시 어진동,0,0,푸르지오시티,월세,23.74,300,30,17,2014
201811,2,세종특별자치시 어진동,0,0,푸르지오시티,월세,23.74,300,30,17,2014
201811,3,세종특별자치시 도담동,246,5,세종한신휴시티,월세,27.43,300,35,8,2014
201811,3,세종특별자치시 도담동,246,5,세종한신휴시티,월세,27.43,500,35,5,2014
201811,3,세종특별자치시 어진동,0,0,푸르지오시티,전세,22.42,7000,0,10,2014
201811,3,세종특별자치시 어진동,0,0,푸르지오시티,전세,22.42,7000,0,4,2014
201811,3,세종특별자치시 어진동,0,0,푸르지오시티,월세,24.5,300,30,6,2014
201811,3,세종특별자치시 어진동,0,0,호수의아침,월세,23.57,200,29,16,2014
201811,4,세종특별자치시 어진동,0,0,2차푸르지오시티,전세,21.92,6000,0,14,2014
201811,5,세종특별자치시 어진동,0,0,푸르지오시티,월세,22.42,300,30,6,2014
201811,6,세종특별자치시 어진동,0,0,2차푸르지오시티,전세,23.24,7500,0,14,2014
201811,6,세종특별자치시 어진동,0,0,푸르지오시티,월세,44.64,300,30,15,2014
201811,8,세종특별자치시 도담동,246,5,세종한신휴시티,월세,24.03,300,35,7,2014
201811,9,세종특별자치시 어진동,0,0,2차푸르지오시티,월세,30.48,500,40,15,2014
201811,9,세종특별자치시 어진동,0,0,푸르지오시티,전세,22.42,7500,0,11,2014
201811,12,세종특별자치시 어진동,0,0,푸르지오시티,월세,23.74,300,30,14,2014
201811,12,세종특별자치시 어진동,0,0,푸르지오시티,월세,22.42,300,32,11,2014
201811,12,세종특별자치시 어진동,0,0,푸르지오시티,월세,23.74,300,30,6,2014
201811,14,세종특별자치시 도담동,246,5,세종한신휴시티,전세,28.09,7800,0,8,2014
201811,15,세종특별자치시 어진동,0,0,2차푸르지오시티,전세,21.92,6000,0,16,2014
201811,16,세종특별자치시 어진동,0,0,2차푸르지오시티,월세,21.92,2000,20,14,2014
201811,17,세종특별자치시 어진동,0,0,2차푸르지오시티,월세,23.24,300,35,14,2014
201811,17,세종특별자치시 어진동,0,0,2차푸르지오시티,월세,23.24,300,35,15,2014
201811,17,세종특별자치시 어진동,0,0,푸르지오시티,월세,24.32,300,30,13,2014
201811,22,세종특별자치시 어진동,0,0,2차푸르지오시티,전세,21.92,6000,0,13,2014
201811,22,세종특별자치시 어진동,0,0,2차푸르지오시티,전세,21.92,6000,0,10,2014
201811,23,세종특별자치시 어진동,0,0,호수의아침,월세,24.01,300,30,15,2014
201811,24,세종특별자치시 나성동,713,0,세진이너스빌,월세,34.15,500,35,4,2013
201811,25,세종특별자치시 어진동,0,0,호수의아침,전세,24.01,6500,0,11,2014
201811,26,세종특별자치시 어진동,0,0,2차푸르지오시티,월세,23.24,300,30,12,2014
201811,26,세종특별자치시 어진동,0,0,푸르지오시티,전세,39.11,11000,0,19,2014
201811,26,세종특별자치시 어진동,0,0,푸르지오시티,전세,22.42,5000,0,7,2014
201811,26,세종특별자치시 어진동,0,0,호수의아침,전세,28.65,9000,0,14,2014
201811,27,세종특별자치시 어진동,0,0,푸르지오시티,전세,22.42,7000,0,11,2014
201811,29,세종특별자치시 어진동,0,0,푸르지오시티,전세,22.42,7000,0,16,2014
201811,30,세종특별자치시 어진동,0,0,2차푸르지오시티,월세,21.92,300,27,6,2014
201812,1,세종특별자치시 어진동,0,0,푸르지오시티,전세,24.32,7000,0,13,2014
201812,1,세종특별자치시 어진동,0,0,호수의아침,전세,24.01,7000,0,10,2014
201812,5,세종특별자치시 도담동,246,5,세종한신휴시티,월세,27.43,500,35,6,2014
201812,5,세종특별자치시 어진동,0,0,2차푸르지오시티,월세,21.92,200,29,16,2014
201812,5,세종특별자치시 어진동,0,0,푸르지오시티,전세,23.74,6500,0,5,2014
201812,5,세종특별자치시 어진동,0,0,호수의아침,월세,23.57,300,27,12,2014
201812,6,세종특별자치시 나성동,0,0,더리치세종의아침,전세,35.41,11000,0,7,2015
201812,6,세종특별자치시 어진동,0,0,2차푸르지오시티,월세,21.92,300,27,16,2014
201812,6,세종특별자치시 어진동,0,0,호수의아침,전세,24.01,6000,0,13,2014
201812,7,세종특별자치시 나성동,713,0,세진이너스빌,전세,34.15,8500,0,8,2013
201812,7,세종특별자치시 어진동,0,0,2차푸르지오시티,전세,21.92,6000,0,10,2014
201812,8,세종특별자치시 어진동,0,0,2차푸르지오시티,전세,21.92,6500,0,16,2014
201812,8,세종특별자치시 어진동,0,0,푸르지오시티,전세,23.74,7000,0,12,2014
201812,8,세종특별자치시 어진동,0,0,푸르지오시티,전세,22.42,6500,0,4,2014
201812,8,세종특별자치시 어진동,0,0,푸르지오시티,전세,22.42,7000,0,14,2014
201812,8,세종특별자치시 어진동,0,0,푸르지오시티,전세,22.42,7500,0,12,2014
201812,9,세종특별자치시 나성동,0,0,더리치세종의아침,월세,25.39,3000,25,3,2015
201812,9,세종특별자치시 어진동,0,0,푸르지오시티,전세,24.12,7800,0,8,2014
201812,10,세종특별자치시 어진동,0,0,푸르지오시티,전세,24.22,7500,0,20,2014
201812,12,세종특별자치시 어진동,0,0,푸르지오시티,전세,23.74,8000,0,6,2014
201812,13,세종특별자치시 어진동,0,0,2차푸르지오시티,전세,21.92,6500,0,15,2014
201812,14,세종특별자치시 나성동,713,0,세진이너스빌,전세,34.15,7500,0,5,2013
201812,14,세종특별자치시 어진동,0,0,푸르지오시티,전세,23.74,7000,0,15,2014
201812,16,세종특별자치시 어진동,0,0,푸르지오시티,전세,23.74,8000,0,20,2014
201812,16,세종특별자치시 어진동,0,0,호수의아침,월세,24.01,300,30,15,2014
201812,17,세종특별자치시 도담동,246,5,세종한신휴시티,월세,27.09,300,35,7,2014
201812,17,세종특별자치시 어진동,0,0,푸르지오시티,전세,22.42,7500,0,12,2014
201812,18,세종특별자치시 어진동,0,0,2차푸르지오시티,전세,21.92,6000,0,16,2014
201812,18,세종특별자치시 어진동,0,0,2차푸르지오시티,월세,21.92,1500,20,10,2014
201812,18,세종특별자치시 어진동,0,0,푸르지오시티,전세,23.74,6500,0,4,2014
201812,18,세종특별자치시 어진동,0,0,푸르지오시티,전세,23.74,7000,0,13,2014
201812,19,세종특별자치시 어진동,0,0,2차푸르지오시티,전세,21.92,6000,0,16,2014
201812,19,세종특별자치시 어진동,0,0,호수의아침,월세,24.01,300,33,15,2014
201812,21,세종특별자치시 어진동,0,0,푸르지오시티,전세,22.42,7000,0,9,2014
201812,21,세종특별자치시 어진동,0,0,푸르지오시티,월세,23.74,300,30,14,2014
201812,22,세종특별자치시 어진동,0,0,2차푸르지오시티,전세,21.92,7000,0,13,2014
201812,22,세종특별자치시 어진동,0,0,2차푸르지오시티,전세,21.92,6000,0,9,2014
201812,22,세종특별자치시 어진동,0,0,푸르지오시티,월세,22.42,300,31,9,2014
201812,23,세종특별자치시 어진동,0,0,2차푸르지오시티,월세,21.92,2000,20,7,2014
201812,23,세종특별자치시 어진동,0,0,호수의아침,전세,24.01,7500,0,12,2014
201812,24,세종특별자치시 나성동,0,0,더리치세종의아침,월세,40.97,3000,42,6,2015
201812,24,세종특별자치시 어진동,0,0,2차푸르지오시티,전세,21.92,6250,0,6,2014
201812,24,세종특별자치시 어진동,0,0,푸르지오시티,월세,23.74,300,31,18,2014
201812,25,세종특별자치시 나성동,0,0,더리치세종의아침,월세,27.16,2000,25,6,2015
201812,25,세종특별자치시 어진동,0,0,2차푸르지오시티,전세,21.92,6500,0,15,2014
201812,25,세종특별자치시 어진동,0,0,푸르지오시티,전세,22.42,8000,0,12,2014
201812,25,세종특별자치시 어진동,0,0,푸르지오시티,전세,23.74,7500,0,8,2014
201812,28,세종특별자치시 어진동,0,0,푸르지오시티,전세,29.06,9000,0,8,2014
201812,29,세종특별자치시 어진동,0,0,푸르지오시티,전세,23.74,8000,0,12,2014
201812,29,세종특별자치시 어진동,0,0,푸르지오시티,월세,23.74,300,32,19,2014
201812,30,세종특별자치시 어진동,0,0,2차푸르지오시티,월세,21.92,300,28,7,2014
201812,30,세종특별자치시 어진동,0,0,2차푸르지오시티,월세,23.24,1500,25,13,2014
201812,30,세종특별자치시 어진동,0,0,푸르지오시티,월세,44.64,300,30,18,2014
201812,30,세종특별자치시 어진동,0,0,푸르지오시티,월세,22.42,300,29,17,2014
201812,31,세종특별자치시 어진동,0,0,2차푸르지오시티,전세,21.92,6500,0,9,2014
201812,31,세종특별자치시 어진동,0,0,푸르지오시티,전세,23.74,7700,0,6,2014
201812,31,세종특별자치시 어진동,0,0,푸르지오시티,월세,23.74,300,30,20,2014
201812,31,세종특별자치시 어진동,0,0,푸르지오시티,전세,44.84,7000,0,17,2014
201901,1,세종특별자치시 어진동,0,0,2차푸르지오시티,월세,30.48,500,45,11,2014
201901,2,세종특별자치시 도담동,246,5,세종한신휴시티,월세,27.43,300,35,3,2014
201901,2,세종특별자치시 어진동,0,0,푸르지오시티,월세,22.42,300,30,5,2014
201901,2,세종특별자치시 어진동,0,0,푸르지오시티,월세,24.32,4000,15,8,2014
201901,3,세종특별자치시 어진동,0,0,2차푸르지오시티,월세,21.92,300,25,14,2014
201901,5,세종특별자치시 나성동,0,0,마들렌,월세,36.54,2000,30,5,2016
201901,5,세종특별자치시 어진동,0,0,푸르지오시티,전세,23.74,8000,0,11,2014
201901,5,세종특별자치시 어진동,0,0,푸르지오시티,전세,23.74,8000,0,11,2014
201901,7,세종특별자치시 나성동,713,0,세진이너스빌,월세,34.15,500,40,6,2013
201901,8,세종특별자치시 도담동,246,5,세종한신휴시티,월세,24.03,300,35,8,2014
201901,8,세종특별자치시 어진동,0,0,호수의아침,전세,24.01,8000,0,14,2014
201901,9,세종특별자치시 어진동,0,0,2차푸르지오시티,월세,23.24,300,30,5,2014
201901,9,세종특별자치시 어진동,0,0,푸르지오시티,전세,23.74,7000,0,10,2014
201901,10,세종특별자치시 어진동,0,0,2차푸르지오시티,월세,23.24,300,30,16,2014
201901,10,세종특별자치시 어진동,0,0,2차푸르지오시티,월세,28.72,350,35,6,2014
201901,10,세종특별자치시 어진동,0,0,푸르지오시티,전세,24.32,7200,0,9,2014
201901,10,세종특별자치시 어진동,0,0,푸르지오시티,전세,24.32,7000,0,4,2014
201901,10,세종특별자치시 어진동,0,0,호수의아침,전세,28.65,10000,0,14,2014
201901,11,세종특별자치시 어진동,0,0,2차푸르지오시티,월세,23.24,300,35,6,2014
201901,11,세종특별자치시 어진동,0,0,푸르지오시티,월세,22.42,2000,20,5,2014
201901,12,세종특별자치시 나성동,0,0,더리치세종의아침,월세,26.14,500,35,7,2015
201901,12,세종특별자치시 도담동,246,5,세종한신휴시티,전세,31.17,9000,0,5,2014
201901,12,세종특별자치시 어진동,0,0,2차푸르지오시티,전세,23.24,7000,0,5,2014
201901,12,세종특별자치시 어진동,0,0,2차푸르지오시티,전세,23.24,8000,0,6,2014
201901,12,세종특별자치시 어진동,0,0,2차푸르지오시티,전세,21.92,6500,0,9,2014
201901,12,세종특별자치시 어진동,0,0,2차푸르지오시티,월세,23.24,1500,23,7,2014
201901,12,세종특별자치시 어진동,0,0,2차푸르지오시티,전세,23.24,6800,0,5,2014
201901,12,세종특별자치시 어진동,0,0,2차푸르지오시티,전세,23.24,7300,0,6,2014
201901,12,세종특별자치시 어진동,0,0,2차푸르지오시티,월세,23.24,300,35,13,2014
201901,12,세종특별자치시 어진동,0,0,푸르지오시티,월세,44.64,300,33,16,2014
201901,13,세종특별자치시 어진동,0,0,2차푸르지오시티,월세,30.48,1000,35,14,2014
201901,14,세종특별자치시 어진동,0,0,호수의아침,전세,24.01,8000,0,14,2014
201901,16,세종특별자치시 어진동,0,0,2차푸르지오시티,월세,23.24,300,35,10,2014
201901,16,세종특별자치시 어진동,0,0,푸르지오시티,월세,23.74,300,30,17,2014
201901,16,세종특별자치시 어진동,0,0,호수의아침,월세,28.65,500,45,11,2014
201901,17,세종특별자치시 어진동,0,0,호수의아침,월세,24.01,500,32,14,2014
201901,18,세종특별자치시 도담동,246,5,세종한신휴시티,월세,24.03,300,35,5,2014
201901,18,세종특별자치시 어진동,0,0,2차푸르지오시티,전세,21.92,7000,0,7,2014
201901,18,세종특별자치시 어진동,0,0,2차푸르지오시티,전세,21.92,7000,0,12,2014
201901,18,세종특별자치시 어진동,0,0,푸르지오시티,전세,24.22,8000,0,13,2014
201901,18,세종특별자치시 어진동,0,0,푸르지오시티,월세,23.74,300,32,15,2014
201901,18,세종특별자치시 어진동,0,0,호수의아침,전세,24.01,8000,0,11,2014
201901,19,세종특별자치시 어진동,0,0,2차푸르지오시티,월세,21.92,300,30,14,2014
201901,19,세종특별자치시 어진동,0,0,2차푸르지오시티,월세,23.24,2000,20,6,2014
201901,19,세종특별자치시 어진동,0,0,푸르지오시티,월세,24.22,300,35,18,2014
201901,21,세종특별자치시 어진동,0,0,2차푸르지오시티,월세,23.24,500,30,11,2014
201901,21,세종특별자치시 어진동,0,0,2차푸르지오시티,월세,23.24,300,30,6,2014
201901,23,세종특별자치시 어진동,0,0,2차푸르지오시티,월세,23.24,3000,23,16,2014
201901,24,세종특별자치시 어진동,0,0,호수의아침,월세,24.01,300,35,10,2014
201901,25,세종특별자치시 도담동,246,5,세종한신휴시티,전세,33.77,9500,0,8,2014
201901,25,세종특별자치시 도담동,246,5,세종한신휴시티,전세,27.43,8500,0,8,2014
201901,25,세종특별자치시 어진동,0,0,2차푸르지오시티,전세,21.92,6500,0,15,2014
201901,26,세종특별자치시 어진동,0,0,2차푸르지오시티,전세,23.24,8000,0,13,2014
201901,28,세종특별자치시 도담동,246,5,세종한신휴시티,월세,24.03,300,35,7,2014
201901,28,세종특별자치시 어진동,0,0,푸르지오시티,월세,22.42,2500,22,5,2014
201901,29,세종특별자치시 어진동,0,0,푸르지오시티,월세,23.74,300,31,7,2014
201901,30,세종특별자치시 도담동,246,5,세종한신휴시티,전세,24.03,8000,0,5,2014
201901,30,세종특별자치시 도담동,246,5,세종한신휴시티,월세,29.47,300,38,5,2014
201901,30,세종특별자치시 어진동,0,0,호수의아침,전세,23.57,7000,0,10,2014
201901,31,세종특별자치시 어진동,0,0,푸르지오시티,전세,24.5,8000,0,7,2014
201902,1,세종특별자치시 도담동,246,5,세종한신휴시티,월세,24.03,300,35,6,2014
201902,2,세종특별자치시 나성동,713,0,세진이너스빌,전세,34.15,8500,0,7,2013
201902,9,세종특별자치시 어진동,0,0,2차푸르지오시티,전세,21.92,7500,0,16,2014
201902,9,세종특별자치시 어진동,0,0,푸르지오시티,월세,30.24,500,42,16,2014
201902,9,세종특별자치시 어진동,0,0,푸르지오시티,전세,22.42,7500,0,9,2014
201902,9,세종특별자치시 어진동,0,0,푸르지오시티,전세,22.42,7150,0,9,2014
201902,9,세종특별자치시 어진동,0,0,푸르지오시티,월세,24.5,300,30,12,2014
201902,10,세종특별자치시 어진동,0,0,푸르지오시티,월세,22.42,300,35,7,2014
201902,10,세종특별자치시 어진동,0,0,호수의아침,월세,24.01,500,35,10,2014
201902,12,세종특별자치시 어진동,0,0,푸르지오시티,전세,24.12,6500,0,6,2014
201902,13,세종특별자치시 어진동,0,0,2차푸르지오시티,전세,21.92,6500,0,9,2014
201902,14,세종특별자치시 도담동,246,5,세종한신휴시티,전세,24.03,8000,0,5,2014
201902,14,세종특별자치시 도담동,246,5,세종한신휴시티,월세,27.43,500,37,3,2014
201902,14,세종특별자치시 어진동,0,0,2차푸르지오시티,월세,37.9,1000,60,17,2014
201902,15,세종특별자치시 어진동,0,0,2차푸르지오시티,월세,36.58,1000,50,17,2014
201902,15,세종특별자치시 어진동,0,0,푸르지오시티,월세,22.42,400,31,7,2014
201902,15,세종특별자치시 어진동,0,0,푸르지오시티,월세,23.74,300,35,16,2014
201902,15,세종특별자치시 어진동,0,0,푸르지오시티,전세,23.74,8500,0,15,2014
201902,16,세종특별자치시 나성동,0,0,마들렌,월세,40.64,500,45,6,2016
201902,16,세종특별자치시 어진동,0,0,푸르지오시티,월세,22.42,300,32,12,2014
201902,16,세종특별자치시 어진동,0,0,푸르지오시티,전세,22.42,7000,0,8,2014
201902,16,세종특별자치시 어진동,0,0,푸르지오시티,전세,23.74,7500,0,4,2014
201902,19,세종특별자치시 도담동,246,5,세종한신휴시티,전세,24.03,9000,0,8,2014
201902,19,세종특별자치시 어진동,0,0,푸르지오시티,전세,23.74,7500,0,16,2014
201902,20,세종특별자치시 어진동,0,0,푸르지오시티,월세,30.24,4000,20,20,2014
201902,21,세종특별자치시 어진동,0,0,호수의아침,전세,23.57,8000,0,17,2014
201902,21,세종특별자치시 어진동,0,0,호수의아침,전세,24.01,7890,0,14,2014
201902,23,세종특별자치시 어진동,0,0,2차푸르지오시티,전세,30.48,10000,0,17,2014
201902,24,세종특별자치시 어진동,0,0,호수의아침,월세,28.65,500,45,17,2014
201902,25,세종특별자치시 나성동,713,0,세진이너스빌,월세,34.15,3000,26,6,2013
201902,25,세종특별자치시 어진동,0,0,푸르지오시티,월세,23.74,300,32,9,2014
201902,25,세종특별자치시 어진동,0,0,푸르지오시티,월세,23.74,300,35,5,2014
201902,26,세종특별자치시 어진동,0,0,푸르지오시티,월세,44.84,100,35,18,2014
201902,27,세종특별자치시 도담동,246,5,세종한신휴시티,월세,24.03,300,35,6,2014
201902,27,세종특별자치시 어진동,0,0,푸르지오시티,전세,23.74,7000,0,9,2014
201902,27,세종특별자치시 어진동,0,0,푸르지오시티,전세,23.74,7500,0,9,2014
201902,28,세종특별자치시 어진동,0,0,푸르지오시티,전세,23.74,7500,0,5,2014
201902,28,세종특별자치시 어진동,0,0,푸르지오시티,월세,22.42,300,35,14,2014
201903,1,세종특별자치시 어진동,0,0,2차푸르지오시티,전세,30.48,10000,0,16,2014
201903,1,세종특별자치시 어진동,0,0,푸르지오시티,전세,22.42,7000,0,4,2014
201903,3,세종특별자치시 어진동,0,0,2차푸르지오시티,월세,23.24,500,36,14,2014
201903,3,세종특별자치시 어진동,0,0,푸르지오시티,월세,22.42,300,35,12,2014
201903,4,세종특별자치시 어진동,0,0,푸르지오시티,전세,23.74,8000,0,5,2014
201903,5,세종특별자치시 도담동,246,5,세종한신휴시티,월세,24.03,300,35,8,2014
201903,7,세종특별자치시 도담동,246,5,세종한신휴시티,전세,24.03,8600,0,7,2014
201903,7,세종특별자치시 어진동,0,0,푸르지오시티,월세,22.42,300,35,4,2014
201903,10,세종특별자치시 어진동,0,0,2차푸르지오시티,월세,23.24,300,35,16,2014
201903,11,세종특별자치시 어진동,0,0,2차푸르지오시티,전세,23.24,7000,0,6,2014
201903,11,세종특별자치시 어진동,0,0,푸르지오시티,전세,23.74,7400,0,13,2014
201903,14,세종특별자치시 어진동,0,0,2차푸르지오시티,월세,21.92,500,33,13,2014
201903,17,세종특별자치시 도담동,246,5,세종한신휴시티,월세,27.43,300,38,8,2014
201903,17,세종특별자치시 어진동,0,0,푸르지오시티,전세,22.42,7800,0,18,2014
201903,20,세종특별자치시 어진동,0,0,2차푸르지오시티,전세,21.92,7350,0,15,2014
201903,22,세종특별자치시 어진동,0,0,푸르지오시티,전세,23.74,8700,0,11,2014
201903,23,세종특별자치시 어진동,0,0,푸르지오시티,전세,23.74,8000,0,18,2014
201903,25,세종특별자치시 나성동,0,0,더리치세종의아침,전세,36.26,10500,0,6,2015
201903,25,세종특별자치시 어진동,0,0,2차푸르지오시티,월세,23.24,2000,23,10,2014
201903,26,세종특별자치시 어진동,0,0,2차푸르지오시티,전세,21.92,7000,0,13,2014
201903,26,세종특별자치시 어진동,0,0,푸르지오시티,월세,23.74,3000,25,12,2014
201903,31,세종특별자치시 어진동,0,0,2차푸르지오시티,월세,23.24,500,35,8,2014
201904,1,세종특별자치시 어진동,0,0,2차푸르지오시티,월세,23.24,300,32,15,2014
201904,2,세종특별자치시 어진동,0,0,푸르지오시티,월세,23.74,300,35,8,2014
201904,3,세종특별자치시 어진동,0,0,푸르지오시티,월세,44.64,300,35,18,2014
201904,4,세종특별자치시 어진동,0,0,호수의아침,월세,28.65,500,40,14,2014
201904,5,세종특별자치시 어진동,0,0,푸르지오시티,월세,22.42,200,32,12,2014
201904,8,세종특별자치시 어진동,0,0,푸르지오시티,전세,23.74,8000,0,18,2014
201904,10,세종특별자치시 어진동,0,0,푸르지오시티,전세,24.32,7000,0,9,2014
201904,14,세종특별자치시 어진동,0,0,호수의아침,전세,28.65,9700,0,10,2014
201904,15,세종특별자치시 어진동,0,0,2차푸르지오시티,월세,23.24,3000,20,7,2014
201904,17,세종특별자치시 어진동,0,0,푸르지오시티,월세,22.42,300,32,8,2014
201904,17,세종특별자치시 어진동,0,0,푸르지오시티,월세,30.24,500,42,15,2014
201904,20,세종특별자치시 어진동,0,0,푸르지오시티,전세,23.74,8000,0,11,2014
201904,21,세종특별자치시 어진동,0,0,2차푸르지오시티,전세,21.92,6500,0,12,2014
201904,22,세종특별자치시 어진동,0,0,푸르지오시티,전세,22.42,7500,0,4,2014
201904,23,세종특별자치시 어진동,0,0,푸르지오시티,전세,22.42,7000,0,10,2014
201904,24,세종특별자치시 어진동,0,0,2차푸르지오시티,전세,21.92,7500,0,6,2014
201904,25,세종특별자치시 어진동,0,0,2차푸르지오시티,월세,21.92,100,37,16,2014
201904,25,세종특별자치시 어진동,0,0,푸르지오시티,월세,23.74,300,35,5,2014
201904,26,세종특별자치시 도담동,246,5,세종한신휴시티,월세,33.55,500,45,4,2014
201904,26,세종특별자치시 어진동,0,0,푸르지오시티,전세,23.74,7500,0,12,2014
201904,27,세종특별자치시 도담동,246,5,세종한신휴시티,월세,27.43,500,37,5,2014
201904,27,세종특별자치시 도담동,246,5,세종한신휴시티,월세,31.17,500,40,4,2014
201904,27,세종특별자치시 어진동,0,0,2차푸르지오시티,월세,21.92,300,35,7,2014
201904,27,세종특별자치시 어진동,0,0,푸르지오시티,월세,22.42,300,34,14,2014
201904,27,세종특별자치시 어진동,0,0,푸르지오시티,전세,23.74,7000,0,20,2014
201904,27,세종특별자치시 어진동,0,0,호수의아침,전세,23.57,7500,0,10,2014
201904,28,세종특별자치시 어진동,0,0,푸르지오시티,월세,24.5,300,35,14,2014
201904,30,세종특별자치시 어진동,0,0,2차푸르지오시티,전세,21.92,7000,0,8,2014
201904,30,세종특별자치시 어진동,0,0,푸르지오시티,월세,23.74,300,37,11,2014
201905,1,세종특별자치시 어진동,0,0,푸르지오시티,월세,23.74,300,24,9,2014
201905,2,세종특별자치시 어진동,0,0,호수의아침,월세,24.01,2000,20,10,2014
201905,4,세종특별자치시 어진동,0,0,2차푸르지오시티,전세,21.92,7500,0,12,2014
201905,4,세종특별자치시 어진동,0,0,푸르지오시티,전세,22.42,7000,0,4,2014
201905,6,세종특별자치시 도담동,246,5,세종한신휴시티,월세,24.03,500,35,3,2014
201905,6,세종특별자치시 어진동,0,0,푸르지오시티,전세,24.32,7500,0,14,2014
201905,6,세종특별자치시 어진동,0,0,호수의아침,월세,24.01,300,35,14,2014
201905,9,세종특별자치시 어진동,0,0,2차푸르지오시티,전세,21.92,6500,0,12,2014
201905,10,세종특별자치시 어진동,0,0,푸르지오시티,월세,24.32,300,32,16,2014
201905,11,세종특별자치시 어진동,0,0,2차푸르지오시티,전세,23.24,7360,0,6,2014
201905,13,세종특별자치시 도담동,246,5,세종한신휴시티,월세,24.03,500,37,6,2014
201905,13,세종특별자치시 어진동,0,0,2차푸르지오시티,월세,21.92,300,35,10,2014
201905,13,세종특별자치시 어진동,0,0,푸르지오시티,전세,23.74,7150,0,8,2014
201905,14,세종특별자치시 어진동,0,0,푸르지오시티,월세,44.84,500,36,15,2014
201905,15,세종특별자치시 어진동,0,0,2차푸르지오시티,전세,21.92,7000,0,8,2014
201905,16,세종특별자치시 어진동,0,0,2차푸르지오시티,월세,23.24,2000,24,12,2014
201905,18,세종특별자치시 도담동,246,5,세종한신휴시티,월세,27.43,300,40,5,2014
201905,18,세종특별자치시 어진동,0,0,푸르지오시티,월세,23.74,300,37,13,2014
201905,18,세종특별자치시 어진동,0,0,푸르지오시티,전세,22.42,7350,0,6,2014
201905,19,세종특별자치시 어진동,0,0,2차푸르지오시티,월세,21.92,300,29,5,2014
201905,20,세종특별자치시 어진동,0,0,2차푸르지오시티,월세,28.72,300,34,5,2014
201905,20,세종특별자치시 어진동,0,0,푸르지오시티,전세,22.42,7500,0,5,2014
201905,21,세종특별자치시 나성동,0,0,더리치세종의아침,월세,27.16,500,37,4,2015
201905,21,세종특별자치시 나성동,0,0,더리치세종의아침,월세,27.16,500,35,4,2015
201905,21,세종특별자치시 도담동,246,5,세종한신휴시티,전세,28.09,8500,0,8,2014
201905,22,세종특별자치시 어진동,0,0,2차푸르지오시티,전세,21.92,6800,0,8,2014
201905,23,세종특별자치시 도담동,246,5,세종한신휴시티,월세,24.03,300,37,8,2014
201905,23,세종특별자치시 어진동,0,0,2차푸르지오시티,월세,21.92,300,36,11,2014
201905,25,세종특별자치시 어진동,0,0,2차푸르지오시티,전세,21.92,8000,0,10,2014
201905,25,세종특별자치시 어진동,0,0,푸르지오시티,전세,22.42,7500,0,13,2014
201905,27,세종특별자치시 어진동,0,0,푸르지오시티,월세,23.74,300,30,7,2014
201905,29,세종특별자치시 어진동,0,0,호수의아침,월세,24.01,300,35,16,2014
201905,30,세종특별자치시 도담동,246,5,세종한신휴시티,전세,31.17,8500,0,4,2014
201905,30,세종특별자치시 어진동,0,0,푸르지오시티,전세,23.74,8500,0,18,2014
201905,30,세종특별자치시 어진동,0,0,호수의아침,전세,23.57,8000,0,13,2014
201906,2,세종특별자치시 어진동,0,0,2차푸르지오시티,전세,21.92,7800,0,6,2014
201906,2,세종특별자치시 어진동,0,0,2차푸르지오시티,전세,36.58,10000,0,17,2014
201906,4,세종특별자치시 어진동,0,0,푸르지오시티,월세,23.74,30,27,12,2014
201906,4,세종특별자치시 어진동,0,0,호수의아침,월세,23.57,1500,23,12,2014
201906,5,세종특별자치시 어진동,0,0,푸르지오시티,전세,24.5,7500,0,8,2014
201906,6,세종특별자치시 어진동,0,0,2차푸르지오시티,전세,23.24,7800,0,13,2014
201906,6,세종특별자치시 어진동,0,0,2차푸르지오시티,월세,21.92,300,35,8,2014
201906,6,세종특별자치시 어진동,0,0,2차푸르지오시티,월세,21.92,400,31,10,2014
201906,6,세종특별자치시 어진동,0,0,푸르지오시티,월세,23.74,300,37,11,2014
201906,7,세종특별자치시 어진동,0,0,2차푸르지오시티,월세,23.24,300,45,10,2014
201906,8,세종특별자치시 어진동,0,0,호수의아침,전세,23.57,8000,0,10,2014
201906,11,세종특별자치시 어진동,0,0,2차푸르지오시티,전세,23.24,7500,0,13,2014
201906,11,세종특별자치시 어진동,0,0,2차푸르지오시티,전세,21.92,6300,0,5,2014
201906,13,세종특별자치시 어진동,0,0,2차푸르지오시티,전세,21.92,7000,0,15,2014
201906,14,세종특별자치시 어진동,0,0,푸르지오시티,월세,22.42,300,29,8,2014
201906,18,세종특별자치시 도담동,246,5,세종한신휴시티,전세,29.47,9500,0,5,2014
201906,19,세종특별자치시 어진동,0,0,2차푸르지오시티,전세,21.92,7500,0,8,2014
201906,19,세종특별자치시 어진동,0,0,2차푸르지오시티,월세,36.58,500,45,17,2014
201906,19,세종특별자치시 어진동,0,0,푸르지오시티,월세,22.42,300,35,19,2014
201906,20,세종특별자치시 도담동,246,5,세종한신휴시티,월세,24.03,300,36,5,2014
201906,21,세종특별자치시 어진동,0,0,호수의아침,월세,23.57,300,35,15,2014
201906,22,세종특별자치시 어진동,0,0,2차푸르지오시티,월세,28.72,500,45,17,2014
201906,22,세종특별자치시 어진동,0,0,푸르지오시티,월세,23.74,2000,20,4,2014
201906,23,세종특별자치시 어진동,0,0,2차푸르지오시티,월세,23.24,2000,28,12,2014
201906,24,세종특별자치시 어진동,0,0,2차푸르지오시티,월세,23.24,300,32,6,2014
201906,24,세종특별자치시 어진동,0,0,2차푸르지오시티,전세,21.92,7514,0,9,2014
201906,24,세종특별자치시 어진동,0,0,2차푸르지오시티,전세,21.92,7514,0,9,2014
201906,24,세종특별자치시 어진동,0,0,푸르지오시티,전세,23.74,7500,0,5,2014
201906,25,세종특별자치시 어진동,0,0,푸르지오시티,전세,23.74,7140,0,8,2014
201906,26,세종특별자치시 어진동,0,0,푸르지오시티,전세,23.74,7000,0,16,2014
201906,27,세종특별자치시 어진동,0,0,2차푸르지오시티,전세,21.92,7000,0,15,2014
201906,27,세종특별자치시 어진동,0,0,푸르지오시티,전세,23.74,8500,0,7,2014
201906,28,세종특별자치시 어진동,0,0,2차푸르지오시티,월세,23.24,400,31,11,2014
201906,28,세종특별자치시 어진동,0,0,푸르지오시티,전세,23.74,7500,0,18,2014
201906,29,세종특별자치시 어진동,0,0,푸르지오시티,월세,23.74,300,33,9,2014
201906,29,세종특별자치시 어진동,0,0,푸르지오시티,월세,23.74,300,32,14,2014
201906,30,세종특별자치시 어진동,0,0,2차푸르지오시티,전세,21.92,8000,0,12,2014
201906,30,세종특별자치시 어진동,0,0,호수의아침,월세,24.01,300,35,13,2014
201907,1,세종특별자치시 어진동,0,0,푸르지오시티,월세,23.74,300,30,15,2014
201907,1,세종특별자치시 어진동,0,0,푸르지오시티,월세,23.74,300,35,12,2014
201907,3,세종특별자치시 어진동,0,0,푸르지오시티,월세,22.42,100,31,11,2014
201907,4,세종특별자치시 나성동,0,0,어반아트리움,전세,22.84,9000,0,7,2019
201907,4,세종특별자치시 어진동,0,0,2차푸르지오시티,월세,21.92,400,31,5,2014
201907,4,세종특별자치시 어진동,0,0,푸르지오시티,월세,39.11,1000,53,19,2014
201907,4,세종특별자치시 어진동,0,0,푸르지오시티,월세,24.5,300,35,5,2014
201907,6,세종특별자치시 어진동,0,0,2차푸르지오시티,월세,23.24,300,35,9,2014
201907,6,세종특별자치시 어진동,0,0,2차푸르지오시티,전세,23.24,8000,0,13,2014
201907,6,세종특별자치시 어진동,0,0,푸르지오시티,월세,23.74,3000,22,16,2014
201907,7,세종특별자치시 도담동,246,5,세종한신휴시티,전세,32.19,8500,0,5,2014
201907,7,세종특별자치시 도담동,246,5,세종한신휴시티,전세,32.19,8500,0,5,2014
201907,7,세종특별자치시 어진동,0,0,2차푸르지오시티,월세,21.92,300,33,11,2014
201907,7,세종특별자치시 어진동,0,0,2차푸르지오시티,월세,23.24,300,33,10,2014
201907,8,세종특별자치시 어진동,0,0,2차푸르지오시티,전세,23.24,7350,0,7,2014
201907,11,세종특별자치시 어진동,0,0,2차푸르지오시티,월세,21.92,2000,25,14,2014
201907,13,세종특별자치시 어진동,0,0,2차푸르지오시티,전세,21.92,8000,0,9,2014
201907,15,세종특별자치시 나성동,713,0,세진이너스빌,월세,34.15,2500,26,8,2013
201907,16,세종특별자치시 어진동,0,0,호수의아침,월세,23.57,300,35,15,2014
201907,17,세종특별자치시 도담동,246,5,세종한신휴시티,월세,24.03,300,32,6,2014
201907,17,세종특별자치시 어진동,0,0,2차푸르지오시티,월세,21.92,200,29,12,2014
201907,17,세종특별자치시 어진동,0,0,푸르지오시티,전세,22.42,8000,0,10,2014
201907,19,세종특별자치시 어진동,0,0,호수의아침,전세,24.62,8800,0,16,2014
201907,19,세종특별자치시 어진동,0,0,호수의아침,월세,28.65,500,42,13,2014
201907,20,세종특별자치시 어진동,0,0,2차푸르지오시티,전세,23.24,7500,0,6,2014
201907,20,세종특별자치시 어진동,0,0,2차푸르지오시티,월세,21.92,300,35,5,2014
201907,22,세종특별자치시 부강면 부강리,127,1,주건축물제1동,월세,41.42,500,45,6,2019
201907,22,세종특별자치시 어진동,0,0,푸르지오시티,전세,23.74,8000,0,12,2014
201907,22,세종특별자치시 어진동,0,0,푸르지오시티,전세,24.22,7950,0,9,2014
201907,22,세종특별자치시 어진동,0,0,푸르지오시티,전세,23.74,7350,0,12,2014
201907,23,세종특별자치시 어진동,0,0,푸르지오시티,전세,23.74,7800,0,17,2014
201907,24,세종특별자치시 나성동,0,0,더리치세종의아침,월세,35.41,2000,30,8,2015
201907,24,세종특별자치시 어진동,0,0,2차푸르지오시티,월세,30.48,500,45,12,2014
201907,24,세종특별자치시 어진동,0,0,2차푸르지오시티,전세,21.92,7500,0,13,2014
201907,24,세종특별자치시 어진동,0,0,푸르지오시티,전세,22.42,7800,0,13,2014
201907,24,세종특별자치시 어진동,0,0,푸르지오시티,월세,23.74,500,32,6,2014
201907,26,세종특별자치시 도담동,246,5,세종한신휴시티,전세,24.03,8300,0,6,2014
201907,26,세종특별자치시 어진동,0,0,푸르지오시티,전세,22.42,8000,0,14,2014
201907,26,세종특별자치시 어진동,0,0,푸르지오시티,전세,23.74,8700,0,11,2014
201907,27,세종특별자치시 도담동,246,5,세종한신휴시티,월세,24.03,300,40,6,2014
201907,27,세종특별자치시 어진동,0,0,푸르지오시티,월세,23.74,5000,17,11,2014
201907,28,세종특별자치시 도담동,246,5,세종한신휴시티,월세,38.53,1000,48,7,2014
201907,28,세종특별자치시 어진동,0,0,푸르지오시티,월세,23.74,300,32,7,2014
201907,29,세종특별자치시 어진동,0,0,2차푸르지오시티,월세,21.92,400,31,12,2014
201907,30,세종특별자치시 어진동,0,0,2차푸르지오시티,전세,23.24,7350,0,7,2014
201907,31,세종특별자치시 어진동,0,0,2차푸르지오시티,전세,21.92,7000,0,6,2014
201907,31,세종특별자치시 어진동,0,0,푸르지오시티,월세,22.22,300,32,14,2014
201907,31,세종특별자치시 어진동,0,0,푸르지오시티,월세,22.42,300,34,6,2014
201907,31,세종특별자치시 어진동,0,0,푸르지오시티,전세,23.74,8000,0,16,2014
201908,1,세종특별자치시 어진동,0,0,푸르지오시티,월세,24.32,300,33,14,2014
201908,2,세종특별자치시 어진동,0,0,푸르지오시티,전세,24.32,7500,0,6,2014
201908,2,세종특별자치시 어진동,0,0,호수의아침,월세,24.01,400,33,12,2014
201908,3,세종특별자치시 어진동,0,0,2차푸르지오시티,월세,23.24,3000,23,16,2014
201908,3,세종특별자치시 어진동,0,0,2차푸르지오시티,월세,28.72,3000,25,11,2014
201908,5,세종특별자치시 나성동,0,0,더리치세종의아침,월세,26.34,1500,30,3,2015
201908,5,세종특별자치시 어진동,0,0,2차푸르지오시티,월세,23.24,250,37,14,2014
201908,5,세종특별자치시 어진동,0,0,푸르지오시티,전세,23.74,7350,0,13,2014
201908,6,세종특별자치시 도담동,246,5,세종한신휴시티,전세,24.03,7000,0,8,2014
201908,8,세종특별자치시 도담동,246,5,세종한신휴시티,월세,32.19,500,45,5,2014
201908,8,세종특별자치시 어진동,0,0,2차푸르지오시티,전세,21.92,7500,0,6,2014
201908,9,세종특별자치시 조치원읍 상리,121,4,제이드팰리스,전세,32.48,4000,0,2,2015
201908,10,세종특별자치시 어진동,0,0,2차푸르지오시티,월세,21.92,300,35,14,2014
201908,10,세종특별자치시 어진동,0,0,푸르지오시티,전세,22.42,7300,0,13,2014
201908,10,세종특별자치시 어진동,0,0,푸르지오시티,월세,22.42,2000,25,10,2014
201908,12,세종특별자치시 어진동,0,0,2차푸르지오시티,전세,23.24,8000,0,14,2014
201908,14,세종특별자치시 어진동,0,0,푸르지오시티,전세,23.74,7350,0,5,2014
201908,15,세종특별자치시 어진동,0,0,푸르지오시티,전세,24.32,7200,0,9,2014
201908,20,세종특별자치시 어진동,0,0,푸르지오시티,전세,22.42,6500,0,4,2014
201908,23,세종특별자치시 도담동,246,5,세종한신휴시티,월세,27.43,300,38,7,2014
201908,23,세종특별자치시 어진동,0,0,호수의아침,월세,23.57,300,35,10,2014
201908,23,세종특별자치시 어진동,0,0,호수의아침,월세,23.57,300,29,17,2014
201908,26,세종특별자치시 어진동,0,0,2차푸르지오시티,월세,36.58,500,53,17,2014
201908,29,세종특별자치시 어진동,0,0,2차푸르지오시티,전세,21.92,7300,0,11,2014
201908,30,세종특별자치시 어진동,0,0,호수의아침,전세,23.57,8000,0,17,2014
201908,31,세종특별자치시 어진동,0,0,2차푸르지오시티,월세,23.24,300,35,16,2014
201909,1,세종특별자치시 어진동,0,0,2차푸르지오시티,월세,23.24,500,38,6,2014
201909,3,세종특별자치시 어진동,0,0,푸르지오시티,월세,23.74,300,35,15,2014
201909,3,세종특별자치시 어진동,0,0,푸르지오시티,월세,23.74,300,32,7,2014
201909,3,세종특별자치시 어진동,0,0,푸르지오시티,월세,23.74,300,37,14,2014
201909,7,세종특별자치시 나성동,0,0,더리치세종의아침,월세,33.65,500,47,6,2015
201909,8,세종특별자치시 어진동,0,0,푸르지오시티,전세,23.74,7500,0,5,2014
201909,9,세종특별자치시 나성동,713,0,세진이너스빌,월세,34.15,300,40,4,2013
201909,9,세종특별자치시 어진동,0,0,2차푸르지오시티,월세,21.92,300,29,10,2014
201909,9,세종특별자치시 어진동,0,0,2차푸르지오시티,월세,30.48,2000,30,8,2014
201909,11,세종특별자치시 어진동,0,0,푸르지오시티,월세,22.42,300,32,14,2014
201909,17,세종특별자치시 어진동,0,0,푸르지오시티,월세,24.32,300,32,17,2014
201909,19,세종특별자치시 도담동,246,5,세종한신휴시티,월세,27.43,500,38,6,2014
201909,19,세종특별자치시 어진동,0,0,호수의아침,전세,47.83,14500,0,16,2014
201909,25,세종특별자치시 어진동,0,0,푸르지오시티,월세,23.74,300,37,20,2014
201909,26,세종특별자치시 어진동,0,0,2차푸르지오시티,월세,28.72,2000,30,8,2014
201909,26,세종특별자치시 어진동,0,0,푸르지오시티,전세,24.32,8000,0,12,2014
201909,28,세종특별자치시 도담동,246,5,세종한신휴시티,월세,24.03,500,35,5,2014
201909,28,세종특별자치시 어진동,0,0,푸르지오시티,전세,23.74,8500,0,10,2014
201909,30,세종특별자치시 어진동,0,0,푸르지오시티,전세,22.42,8000,0,9,2014
201910,4,세종특별자치시 도담동,246,5,세종한신휴시티,월세,27.43,500,38,7,2014
201910,5,세종특별자치시 어진동,0,0,2차푸르지오시티,전세,21.92,6000,0,14,2014
201910,5,세종특별자치시 어진동,0,0,푸르지오시티,전세,22.42,8000,0,12,2014
201910,6,세종특별자치시 어진동,0,0,2차푸르지오시티,전세,21.92,7500,0,5,2014
201910,6,세종특별자치시 어진동,0,0,2차푸르지오시티,월세,21.92,300,45,10,2014
201910,7,세종특별자치시 어진동,0,0,푸르지오시티,전세,39.11,11000,0,19,2014
201910,12,세종특별자치시 어진동,0,0,푸르지오시티,전세,23.74,7800,0,17,2014
201910,12,세종특별자치시 어진동,0,0,푸르지오시티,전세,24.22,7300,0,11,2014
201910,14,세종특별자치시 어진동,0,0,2차푸르지오시티,월세,23.24,300,35,16,2014
201910,14,세종특별자치시 어진동,0,0,푸르지오시티,월세,23.74,2000,20,11,2014
201910,15,세종특별자치시 어진동,0,0,2차푸르지오시티,월세,23.24,300,35,16,2014
201910,17,세종특별자치시 어진동,0,0,푸르지오시티,전세,24.12,7800,0,17,2014
201910,22,세종특별자치시 어진동,0,0,푸르지오시티,전세,23.74,8000,0,10,2014
201910,24,세종특별자치시 어진동,0,0,푸르지오시티,월세,43.51,1000,60,20,2014
201910,27,세종특별자치시 도담동,246,5,세종한신휴시티,월세,24.03,200,32,7,2014
201910,31,세종특별자치시 도담동,246,5,세종한신휴시티,월세,27.43,1000,35,7,2014
201911,3,세종특별자치시 나성동,0,0,더리치세종의아침,월세,35.41,500,45,8,2015
201911,5,세종특별자치시 어진동,0,0,푸르지오시티,전세,24.22,7300,0,16,2014
201911,7,세종특별자치시 도담동,246,5,세종한신휴시티,월세,33.77,500,50,8,2014
201911,7,세종특별자치시 어진동,0,0,푸르지오시티,전세,22.42,7500,0,4,2014
201911,9,세종특별자치시 어진동,0,0,2차푸르지오시티,월세,21.92,200,40,13,2014
201911,9,세종특별자치시 어진동,0,0,2차푸르지오시티,전세,21.92,6600,0,10,2014
201911,9,세종특별자치시 어진동,0,0,푸르지오시티,전세,22.42,7500,0,11,2014
201911,9,세종특별자치시 어진동,0,0,푸르지오시티,전세,22.42,7500,0,11,2014
201911,16,세종특별자치시 어진동,0,0,푸르지오시티,전세,24.32,7000,0,16,2014
201911,18,세종특별자치시 어진동,0,0,푸르지오시티,월세,43.71,1000,60,20,2014
201911,21,세종특별자치시 도담동,246,5,세종한신휴시티,전세,33.55,9000,0,3,2014
201911,21,세종특별자치시 어진동,0,0,2차푸르지오시티,전세,23.24,7500,0,11,2014
201911,24,세종특별자치시 도담동,246,5,세종한신휴시티,전세,27.43,8500,0,4,2014
201911,24,세종특별자치시 어진동,0,0,호수의아침,월세,23.57,300,30,16,2014
201911,27,세종특별자치시 나성동,713,0,세진이너스빌,전세,34.15,9000,0,6,2013
201911,29,세종특별자치시 어진동,0,0,푸르지오시티,전세,22.42,7500,0,18,2014
201911,30,세종특별자치시 어진동,0,0,2차푸르지오시티,전세,21.92,6300,0,7,2014
201911,30,세종특별자치시 어진동,0,0,푸르지오시티,전세,23.74,7500,0,5,2014
201912,1,세종특별자치시 어진동,0,0,호수의아침,월세,24.01,100,40,15,2014
201912,2,세종특별자치시 어진동,0,0,푸르지오시티,전세,22.42,6500,0,4,2014
201912,2,세종특별자치시 어진동,0,0,푸르지오시티,전세,24.32,7000,0,9,2014
201912,3,세종특별자치시 어진동,0,0,푸르지오시티,전세,30.24,8400,0,14,2014
201912,4,세종특별자치시 어진동,0,0,호수의아침,전세,23.57,7500,0,11,2014
201912,5,세종특별자치시 어진동,0,0,푸르지오시티,전세,23.74,6300,0,7,2014
201912,9,세종특별자치시 어진동,0,0,푸르지오시티,전세,23.74,8000,0,20,2014
201912,11,세종특별자치시 도담동,246,5,세종한신휴시티,전세,24.03,8000,0,7,2014
201912,12,세종특별자치시 어진동,0,0,호수의아침,전세,23.57,6800,0,17,2014
201912,13,세종특별자치시 도담동,246,5,세종한신휴시티,전세,24.03,8500,0,8,2014
201912,13,세종특별자치시 어진동,0,0,푸르지오시티,전세,23.74,8000,0,18,2014
201912,14,세종특별자치시 나성동,0,0,더리치세종의아침,전세,40.97,14000,0,6,2015
201912,15,세종특별자치시 나성동,0,0,더리치세종의아침,월세,27.16,300,35,4,2015
201912,17,세종특별자치시 도담동,246,5,세종한신휴시티,월세,27.09,300,37,7,2014
201912,18,세종특별자치시 어진동,0,0,푸르지오시티,전세,23.74,7500,0,18,2014
201912,20,세종특별자치시 어진동,0,0,호수의아침,전세,28.65,9000,0,14,2014
201912,21,세종특별자치시 어진동,0,0,푸르지오시티,전세,23.74,8000,0,15,2014
201912,21,세종특별자치시 어진동,0,0,푸르지오시티,전세,23.74,7500,0,5,2014
201912,25,세종특별자치시 도담동,246,5,세종한신휴시티,월세,27.43,300,40,8,2014
201912,28,세종특별자치시 도담동,246,5,세종한신휴시티,월세,31.17,500,42,3,2014
201912,28,세종특별자치시 어진동,0,0,호수의아침,월세,28.65,500,45,17,2014
201912,30,세종특별자치시 나성동,0,0,더리치세종의아침,전세,27.16,9000,0,3,2015
201912,30,세종특별자치시 도담동,246,5,세종한신휴시티,월세,24.03,300,35,5,2014
201912,30,세종특별자치시 어진동,0,0,호수의아침,월세,24.01,300,35,13,2014
201912,31,세종특별자치시 어진동,0,0,2차푸르지오시티,전세,23.24,7350,0,6,2014
201912,31,세종특별자치시 어진동,0,0,푸르지오시티,전세,23.74,7500,0,17,2014
202001,2,세종특별자치시 도담동,246,5,세종한신휴시티,월세,27.43,1000,30,8,2014
202001,3,세종특별자치시 어진동,0,0,푸르지오시티,월세,22.42,2500,22,5,2014
202001,4,세종특별자치시 나성동,0,0,더리치세종의아침,전세,41.96,12000,0,3,2015
202001,4,세종특별자치시 어진동,0,0,푸르지오시티,월세,22.42,300,32,13,2014
202001,5,세종특별자치시 도담동,246,5,세종한신휴시티,월세,24.03,300,33,8,2014
202001,5,세종특별자치시 어진동,0,0,호수의아침,전세,28.65,10000,0,16,2014
202001,8,세종특별자치시 어진동,0,0,푸르지오시티,월세,24.32,300,35,6,2014
202001,10,세종특별자치시 어진동,0,0,푸르지오시티,전세,24.32,8000,0,5,2014
202001,12,세종특별자치시 어진동,0,0,호수의아침,전세,23.57,8000,0,17,2014
202001,18,세종특별자치시 도담동,246,5,세종한신휴시티,월세,24.03,500,30,5,2014
202001,18,세종특별자치시 어진동,0,0,2차푸르지오시티,월세,21.92,400,32,10,2014
202001,18,세종특별자치시 어진동,0,0,푸르지오시티,전세,24.12,6800,0,6,2014
202001,20,세종특별자치시 나성동,0,0,더리치세종의아침,월세,36.26,800,47,3,2015
202001,23,세종특별자치시 어진동,0,0,푸르지오시티,월세,23.74,300,35,10,2014
202001,27,세종특별자치시 도담동,246,5,세종한신휴시티,월세,28.09,500,38,8,2014
202001,28,세종특별자치시 어진동,0,0,2차푸르지오시티,전세,30.48,10000,0,17,2014
202001,30,세종특별자치시 도담동,246,5,세종한신휴시티,월세,24.03,300,36,7,2014
202001,31,세종특별자치시 나성동,0,0,더리치세종의아침,월세,36.26,500,47,8,2015
202002,1,세종특별자치시 어진동,0,0,2차푸르지오시티,월세,23.24,300,35,9,2014
202002,1,세종특별자치시 어진동,0,0,2차푸르지오시티,전세,21.92,8000,0,5,2014
202002,2,세종특별자치시 나성동,713,0,세진이너스빌,전세,34.15,10000,0,5,2013
202002,4,세종특별자치시 나성동,0,0,더리치세종의아침,월세,25.39,300,32,3,2015
202002,5,세종특별자치시 부강면 부강리,127,1,주건축물제1동,월세,83.53,1000,60,3,2019
202002,5,세종특별자치시 어진동,0,0,2차푸르지오시티,전세,23.24,7500,0,5,2014
202002,5,세종특별자치시 어진동,0,0,호수의아침,전세,28.65,10000,0,10,2014
202002,7,세종특별자치시 조치원읍 남리,37,4,주건축물제1동(37-4),전세,22.09,4000,0,6,2013
202002,8,세종특별자치시 어진동,0,0,푸르지오시티,월세,22.42,300,28,13,2014
202002,10,세종특별자치시 어진동,0,0,푸르지오시티,전세,24.12,7500,0,18,2014
202002,10,세종특별자치시 어진동,0,0,호수의아침,월세,24.01,500,32,10,2014
202002,10,세종특별자치시 어진동,0,0,호수의아침,전세,47.83,14500,0,16,2014
202002,10,세종특별자치시 어진동,0,0,호수의아침,월세,24.01,300,37,12,2014
202002,11,세종특별자치시 나성동,0,0,더리치세종의아침,월세,33.65,1000,45,3,2015
202002,12,세종특별자치시 어진동,0,0,푸르지오시티,월세,22.42,300,36,7,2014
202002,13,세종특별자치시 어진동,0,0,2차푸르지오시티,전세,21.92,7350,0,14,2014
202002,13,세종특별자치시 어진동,0,0,푸르지오시티,월세,23.74,300,35,12,2014
202002,14,세종특별자치시 도담동,246,5,세종한신휴시티,월세,24.03,200,40,7,2014
202002,15,세종특별자치시 어진동,0,0,푸르지오시티,전세,23.74,7500,0,5,2014
202002,19,세종특별자치시 도담동,246,5,세종한신휴시티,월세,24.03,500,38,5,2014
202002,20,세종특별자치시 도담동,246,5,세종한신휴시티,전세,27.43,8000,0,5,2014
202002,20,세종특별자치시 어진동,0,0,푸르지오시티,월세,44.84,315,34,18,2014
202002,21,세종특별자치시 도담동,246,5,세종한신휴시티,월세,29.47,500,40,6,2014
202002,22,세종특별자치시 어진동,0,0,푸르지오시티,월세,22.42,300,29,5,2014
202002,23,세종특별자치시 어진동,0,0,푸르지오시티,월세,24.22,300,35,18,2014
202002,24,세종특별자치시 어진동,0,0,2차푸르지오시티,월세,23.24,300,35,16,2014
202002,25,세종특별자치시 어진동,0,0,푸르지오시티,전세,24.32,7500,0,9,2014
202002,26,세종특별자치시 어진동,0,0,푸르지오시티,전세,23.74,7350,0,9,2014
202002,28,세종특별자치시 부강면 부강리,127,1,주건축물제1동,월세,81.37,3000,50,6,2019
202002,29,세종특별자치시 어진동,0,0,2차푸르지오시티,전세,21.92,7000,0,7,2014
202003,1,세종특별자치시 어진동,0,0,호수의아침,전세,24.62,8500,0,12,2014
202003,6,세종특별자치시 도담동,246,5,세종한신휴시티,월세,35.47,300,50,8,2014
202003,9,세종특별자치시 어진동,0,0,푸르지오시티,전세,23.74,8000,0,12,2014
202003,14,세종특별자치시 도담동,246,5,세종한신휴시티,전세,24.03,8500,0,3,2014
202003,20,세종특별자치시 어진동,0,0,호수의아침,월세,23.57,200,40,14,2014
202003,22,세종특별자치시 도담동,246,5,세종한신휴시티,월세,27.43,500,40,5,2014
202003,24,세종특별자치시 도담동,246,5,세종한신휴시티,월세,24.03,300,37,4,2014
202003,28,세종특별자치시 어진동,0,0,호수의아침,월세,23.57,300,35,12,2014
202003,30,세종특별자치시 어진동,0,0,푸르지오시티,전세,23.74,8000,0,11,2014
202003,30,세종특별자치시 어진동,0,0,푸르지오시티,월세,22.42,300,36,4,2014
202003,31,세종특별자치시 어진동,0,0,호수의아침,전세,24.01,6500,0,11,2014
202004,1,세종특별자치시 나성동,713,0,세진이너스빌,월세,34.15,500,40,6,2013
202004,1,세종특별자치시 어진동,0,0,2차푸르지오시티,전세,21.92,6800,0,15,2014
202004,1,세종특별자치시 어진동,0,0,푸르지오시티,전세,24.32,7800,0,14,2014
202004,1,세종특별자치시 어진동,0,0,푸르지오시티,전세,23.74,7300,0,10,2014
202004,1,세종특별자치시 어진동,0,0,푸르지오시티,월세,24.12,300,36,12,2014
202004,2,세종특별자치시 도담동,246,5,세종한신휴시티,전세,32.19,9500,0,6,2014
202004,2,세종특별자치시 어진동,0,0,푸르지오시티,전세,23.74,7600,0,13,2014
202004,3,세종특별자치시 어진동,0,0,2차푸르지오시티,전세,23.24,8000,0,9,2014
202004,3,세종특별자치시 어진동,0,0,푸르지오시티,전세,23.74,8400,0,11,2014
202004,3,세종특별자치시 어진동,0,0,호수의아침,월세,24.01,300,35,10,2014
202004,4,세종특별자치시 어진동,0,0,푸르지오시티,전세,22.42,8000,0,10,2014
202004,5,세종특별자치시 조치원읍 침산리,258,6,1동(258-6),월세,36.5,300,38,3,2008
202004,9,세종특별자치시 어진동,0,0,호수의아침,월세,23.57,300,33,17,2014
202004,10,세종특별자치시 어진동,0,0,호수의아침,전세,24.01,8000,0,13,2014
202004,11,세종특별자치시 부강면 부강리,127,1,주건축물제1동,월세,83.53,1000,65,4,2019
202004,11,세종특별자치시 어진동,0,0,2차푸르지오시티,월세,21.92,300,33,12,2014
202004,11,세종특별자치시 어진동,0,0,2차푸르지오시티,월세,23.24,400,33,10,2014
202004,11,세종특별자치시 어진동,0,0,푸르지오시티,월세,23.74,300,33,5,2014
202004,14,세종특별자치시 어진동,0,0,푸르지오시티,월세,22.42,300,38,5,2014
202004,19,세종특별자치시 어진동,0,0,2차푸르지오시티,전세,21.92,7800,0,5,2014
202004,21,세종특별자치시 어진동,0,0,호수의아침,전세,23.57,7500,0,12,2014
202004,25,세종특별자치시 나성동,0,0,더리치세종의아침,월세,27.16,500,37,4,2015
202004,25,세종특별자치시 어진동,0,0,푸르지오시티,전세,23.74,8000,0,6,2014
202004,26,세종특별자치시 어진동,0,0,2차푸르지오시티,월세,21.92,300,35,6,2014
202004,27,세종특별자치시 부강면 부강리,127,1,주건축물제1동,월세,83.53,500,70,5,2019
202004,30,세종특별자치시 어진동,0,0,2차푸르지오시티,월세,21.92,300,33,11,2014
202004,30,세종특별자치시 어진동,0,0,호수의아침,월세,24.01,300,40,14,2014
202005,6,세종특별자치시 어진동,0,0,푸르지오시티,전세,24.32,7350,0,13,2014
202005,6,세종특별자치시 어진동,0,0,푸르지오시티,전세,23.74,7350,0,20,2014
202005,12,세종특별자치시 도담동,246,5,세종한신휴시티,전세,28.09,9000,0,8,2014
202005,15,세종특별자치시 어진동,0,0,푸르지오시티,전세,22.42,7800,0,7,2014
202005,15,세종특별자치시 어진동,0,0,호수의아침,전세,24.01,7875,0,12,2014
202005,16,세종특별자치시 어진동,0,0,2차푸르지오시티,월세,21.92,300,35,5,2014
202005,18,세종특별자치시 도담동,246,5,세종한신휴시티,전세,34.91,3000,0,5,2014
202005,18,세종특별자치시 어진동,0,0,푸르지오시티,전세,22.42,6100,0,12,2014
202005,20,세종특별자치시 나성동,0,0,더리치세종의아침,전세,26.34,7665,0,8,2015
202005,21,세종특별자치시 나성동,0,0,더리치세종의아침,월세,35.41,500,50,7,2015
202005,26,세종특별자치시 도담동,246,5,세종한신휴시티,월세,24.03,300,40,8,2014
202005,30,세종특별자치시 도담동,246,5,세종한신휴시티,월세,24.03,300,40,4,2014
202005,30,세종특별자치시 어진동,0,0,푸르지오시티,전세,22.42,8000,0,5,2014
202005,31,세종특별자치시 도담동,246,5,세종한신휴시티,전세,24.03,8000,0,7,2014
202006,2,세종특별자치시 어진동,0,0,푸르지오시티,월세,24.5,300,36,14,2014
202006,4,세종특별자치시 어진동,0,0,호수의아침,월세,24.62,300,35,17,2014
202006,5,세종특별자치시 어진동,0,0,2차푸르지오시티,전세,30.48,9500,0,12,2014
202006,8,세종특별자치시 어진동,0,0,푸르지오시티,월세,44.64,300,38,16,2014
202006,14,세종특별자치시 어진동,0,0,푸르지오시티,월세,23.74,300,34,11,2014
202006,15,세종특별자치시 어진동,0,0,푸르지오시티,전세,22.42,6300,0,12,2014
202006,20,세종특별자치시 어진동,0,0,2차푸르지오시티,월세,21.92,300,40,11,2014
202006,20,세종특별자치시 어진동,0,0,2차푸르지오시티,월세,23.24,300,35,12,2014
202006,20,세종특별자치시 어진동,0,0,푸르지오시티,월세,22.42,300,33,14,2014
202006,23,세종특별자치시 어진동,0,0,푸르지오시티,월세,23.74,300,35,18,2014
202006,25,세종특별자치시 어진동,0,0,푸르지오시티,전세,24.32,7300,0,12,2014
202006,27,세종특별자치시 어진동,0,0,2차푸르지오시티,월세,23.24,300,35,16,2014
202006,29,세종특별자치시 도담동,246,5,세종한신휴시티,월세,27.43,500,45,6,2014
202006,29,세종특별자치시 부강면 부강리,127,1,주건축물제1동,월세,42.4,1000,40,5,2019
202006,29,세종특별자치시 어진동,0,0,호수의아침,전세,24.01,8280,0,14,2014
202006,30,세종특별자치시 도담동,246,5,세종한신휴시티,월세,24.03,500,42,7,2014
202006,30,세종특별자치시 어진동,0,0,호수의아침,전세,24.01,8280,0,14,2014
202006,30,세종특별자치시 조치원읍 상리,121,4,제이드팰리스,전세,38.63,5000,0,2,2015
202007,1,세종특별자치시 부강면 부강리,127,1,주건축물제1동,월세,83.01,3000,50,5,2019
202007,1,세종특별자치시 부강면 부강리,127,1,주건축물제1동,월세,81.17,500,75,5,2019
202007,1,세종특별자치시 어진동,0,0,푸르지오시티,월세,24.5,300,37,11,2014
202007,1,세종특별자치시 어진동,0,0,푸르지오시티,전세,22.42,8000,0,6,2014
202007,3,세종특별자치시 어진동,0,0,푸르지오시티,전세,22.42,8000,0,17,2014
202007,20,세종특별자치시 어진동,0,0,푸르지오시티,월세,29.06,5000,17,20,2014
202007,25,세종특별자치시 도담동,246,5,세종한신휴시티,월세,24.03,300,33,6,2014
202008,6,세종특별자치시 어진동,0,0,2차푸르지오시티,전세,23.24,4000,0,16,2014
202008,14,세종특별자치시 어진동,0,0,푸르지오시티,월세,23.74,300,38,7,2014
202008,19,세종특별자치시 어진동,0,0,호수의아침,월세,24.01,2000,20,10,2014
202008,21,세종특별자치시 어진동,0,0,2차푸르지오시티,전세,21.92,8500,0,15,2014
202008,22,세종특별자치시 어진동,0,0,호수의아침,월세,24.01,300,40,12,2014
202008,28,세종특별자치시 어진동,0,0,2차푸르지오시티,전세,21.92,8500,0,8,2014
202009,11,세종특별자치시 도담동,246,5,세종한신휴시티,전세,24.03,8000,0,4,2014
202009,14,세종특별자치시 어진동,0,0,호수의아침,월세,24.62,8100,7,13,2014
202009,15,세종특별자치시 나성동,713,0,세진이너스빌,전세,34.15,9450,0,8,2013
202009,22,세종특별자치시 나성동,713,0,세진이너스빌,월세,34.15,300,46,5,2013
202010,5,세종특별자치시 도담동,246,5,세종한신휴시티,월세,24.03,500,37,5,2014
202010,6,세종특별자치시 도담동,246,5,세종한신휴시티,월세,24.03,500,40,6,2014
202010,21,세종특별자치시 나성동,713,0,세진이너스빌,월세,34.15,3000,35,6,2013
